|ESTRUCTURA DE LA BASE DE DATOS|||||||||||||||||||||
|FECHA DE TOMA DE INFORMACIÓN EN FORMATO DD/MM/AAA|VÍA  ESPECIFICA DONDE SE EFECTUÓ LA TOMA DE INFORMACIÓN|LOCALIZACIÓN ESPECIFICA DONDE SE EFECTUÓ LA TOMA DE INFORMACIÓN|PERÍODO DE CONTEO DE 15 MINUTOS IDENTIFICADO CON LA HORA HORA INICIAL DEL FORMATO GENERAL|ACCESOS A LOS FLUJOS VEHICULARES|AUTOMÓVILES|COLECTIVOS|BUSETA/BUSE TON|BUSES|ALIMENTADOR|ARTICULADO|BIARTICULADOS|BUS ESPECIAL|BUS INTERMUNICIPAL|CAMIONES DE 2 EJES PEQUEÑO|CAMIONES DE 2 EJES GRANDE|CAMIONES DE 3 Y 4 EJES|CAMIONES DE 5 EJES|CAMIONES DE MAS DE 5 EJES|MOTOS|BICICLETAS|OBSERVACIONES REFERIDAS SOLAMENTE A LA TOMA DE INFORMACIÓN
TOTAL MIXTOS|FECHA|VÍA PRINCIPAL|VÍA SECUNDARIA|PERIODO|SENTIDO|L|C|BT|B|AL|AT|BA|ESP|INT|C2P|C2G|C3-C4|C5|>C5|M|BIC|OBSERVACIONES
501.0|41690.0|AK_45|AC_170|2200.0|1.0|371.0|2.0|5.0|3.0|17.0|7.0|7.0|6.0|5.0|2.0|39.0|3.0|5.0|7.0|22.0|0.0|
501.0|41690.0|AK_45|AC_170|2215.0|1.0|386.0|3.0|6.0|9.0|24.0|4.0|4.0|3.0|3.0|1.0|24.0|4.0|2.0|4.0|24.0|0.0|
414.0|41690.0|AK_45|AC_170|2230.0|1.0|296.0|3.0|6.0|7.0|19.0|6.0|6.0|4.0|14.0|1.0|25.0|1.0|1.0|4.0|21.0|0.0|
392.0|41690.0|AK_45|AC_170|2245.0|1.0|294.0|1.0|9.0|3.0|16.0|4.0|2.0|4.0|12.0|1.0|19.0|2.0|4.0|5.0|16.0|0.0|
294.0|41690.0|AK_45|AC_170|2300.0|1.0|182.0|1.0|14.0|1.0|5.0|17.0|5.0|3.0|4.0|1.0|27.0|2.0|5.0|5.0|22.0|0.0|
250.0|41690.0|AK_45|AC_170|2315.0|1.0|174.0|1.0|8.0|5.0|4.0|3.0|1.0|0.0|2.0|1.0|18.0|4.0|2.0|3.0|24.0|0.0|
260.0|41690.0|AK_45|AC_170|2330.0|1.0|177.0|0.0|7.0|0.0|5.0|5.0|0.0|4.0|3.0|1.0|29.0|2.0|1.0|5.0|21.0|0.0|
139.0|41690.0|AK_45|AC_170|2345.0|1.0|70.0|0.0|10.0|0.0|4.0|4.0|0.0|2.0|0.0|0.0|20.0|1.0|5.0|7.0|16.0|0.0|
198.0|41690.0|AK_45|AC_170|0.0|1.0|123.0|0.0|7.0|1.0|6.0|1.0|0.0|2.0|2.0|0.0|23.0|1.0|4.0|3.0|25.0|0.0|
154.0|41690.0|AK_45|AC_170|15.0|1.0|83.0|0.0|1.0|0.0|4.0|2.0|0.0|2.0|1.0|1.0|33.0|0.0|0.0|1.0|26.0|0.0|
145.0|41690.0|AK_45|AC_170|30.0|1.0|76.0|0.0|1.0|1.0|6.0|0.0|0.0|7.0|5.0|1.0|24.0|0.0|0.0|4.0|20.0|0.0|
137.0|41690.0|AK_45|AC_170|45.0|1.0|71.0|0.0|3.0|0.0|2.0|0.0|0.0|3.0|0.0|1.0|25.0|0.0|3.0|3.0|26.0|0.0|
83.0|41690.0|AK_45|AC_170|100.0|1.0|47.0|0.0|2.0|0.0|0.0|0.0|0.0|1.0|0.0|0.0|14.0|3.0|1.0|3.0|12.0|0.0|
80.0|41690.0|AK_45|AC_170|115.0|1.0|32.0|0.0|1.0|0.0|0.0|0.0|0.0|4.0|3.0|0.0|22.0|1.0|0.0|4.0|13.0|0.0|
75.0|41690.0|AK_45|AC_170|130.0|1.0|40.0|0.0|2.0|0.0|1.0|0.0|0.0|3.0|0.0|0.0|17.0|2.0|4.0|1.0|5.0|0.0|
55.0|41690.0|AK_45|AC_170|145.0|1.0|32.0|1.0|0.0|0.0|0.0|0.0|0.0|3.0|0.0|0.0|7.0|2.0|1.0|1.0|8.0|0.0|
81.0|41690.0|AK_45|AC_170|200.0|1.0|47.0|0.0|0.0|0.0|0.0|0.0|0.0|4.0|2.0|4.0|11.0|3.0|1.0|2.0|5.0|2.0|
66.0|41690.0|AK_45|AC_170|215.0|1.0|36.0|0.0|1.0|0.0|0.0|0.0|0.0|3.0|3.0|5.0|8.0|4.0|0.0|4.0|2.0|0.0|
66.0|41690.0|AK_45|AC_170|230.0|1.0|35.0|0.0|0.0|1.0|0.0|0.0|0.0|2.0|1.0|6.0|13.0|0.0|2.0|2.0|4.0|0.0|
85.0|41690.0|AK_45|AC_170|245.0|1.0|55.0|0.0|0.0|0.0|0.0|0.0|0.0|1.0|2.0|2.0|14.0|4.0|0.0|1.0|6.0|0.0|
77.0|41690.0|AK_45|AC_170|300.0|1.0|45.0|0.0|0.0|0.0|0.0|0.0|0.0|2.0|2.0|2.0|14.0|4.0|3.0|0.0|5.0|0.0|
73.0|41690.0|AK_45|AC_170|315.0|1.0|38.0|0.0|0.0|0.0|0.0|0.0|0.0|0.0|1.0|3.0|8.0|3.0|5.0|9.0|6.0|0.0|
86.0|41690.0|AK_45|AC_170|330.0|1.0|55.0|0.0|0.0|2.0|0.0|0.0|0.0|0.0|0.0|2.0|12.0|1.0|5.0|5.0|4.0|0.0|
90.0|41690.0|AK_45|AC_170|345.0|1.0|46.0|0.0|0.0|1.0|0.0|2.0|0.0|4.0|1.0|1.0|17.0|2.0|7.0|8.0|1.0|0.0|
115.0|41690.0|AK_45|AC_170|400.0|1.0|53.0|1.0|1.0|4.0|0.0|1.0|0.0|5.0|5.0|1.0|20.0|2.0|0.0|18.0|4.0|0.0|
217.0|41690.0|AK_45|AC_170|415.0|1.0|123.0|3.0|9.0|5.0|0.0|6.0|0.0|6.0|10.0|3.0|24.0|6.0|3.0|9.0|10.0|0.0|
237.0|41690.0|AK_45|AC_170|430.0|1.0|141.0|0.0|5.0|6.0|3.0|17.0|0.0|25.0|9.0|2.0|17.0|1.0|2.0|5.0|4.0|0.0|
286.0|41690.0|AK_45|AC_170|445.0|1.0|156.0|3.0|5.0|6.0|3.0|5.0|0.0|48.0|7.0|17.0|15.0|0.0|2.0|10.0|9.0|0.0|
504.0|41690.0|AK_45|AC_170|500.0|1.0|269.0|2.0|9.0|9.0|5.0|8.0|0.0|101.0|13.0|4.0|50.0|10.0|3.0|10.0|11.0|0.0|
777.0|41690.0|AK_45|AC_170|515.0|1.0|431.0|1.0|6.0|14.0|6.0|7.0|1.0|151.0|20.0|11.0|64.0|8.0|7.0|15.0|35.0|0.0|
1018.0|41690.0|AK_45|AC_170|530.0|1.0|678.0|4.0|11.0|14.0|5.0|19.0|1.0|139.0|18.0|10.0|71.0|8.0|1.0|3.0|36.0|0.0|
1000.0|41690.0|AK_45|AC_170|545.0|1.0|673.0|3.0|13.0|17.0|8.0|15.0|2.0|99.0|24.0|11.0|68.0|8.0|2.0|1.0|56.0|0.0|
362.0|41690.0|AK_45|AC_170|2200.0|2.0|305.0|0.0|0.0|1.0|0.0|0.0|0.0|3.0|0.0|0.0|0.0|0.0|0.0|1.0|50.0|2.0|
407.0|41690.0|AK_45|AC_170|2215.0|2.0|336.0|1.0|1.0|0.0|0.0|0.0|0.0|6.0|0.0|0.0|1.0|1.0|0.0|0.0|60.0|1.0|
356.0|41690.0|AK_45|AC_170|2230.0|2.0|310.0|0.0|2.0|0.0|0.0|0.0|0.0|2.0|0.0|1.0|0.0|0.0|0.0|0.0|40.0|1.0|
226.0|41690.0|AK_45|AC_170|2245.0|2.0|187.0|1.0|3.0|0.0|0.0|0.0|0.0|1.0|0.0|0.0|2.0|0.0|0.0|0.0|32.0|0.0|
186.0|41690.0|AK_45|AC_170|2300.0|2.0|159.0|0.0|1.0|0.0|0.0|0.0|0.0|7.0|0.0|2.0|2.0|0.0|0.0|0.0|15.0|0.0|
171.0|41690.0|AK_45|AC_170|2315.0|2.0|151.0|0.0|3.0|0.0|0.0|0.0|0.0|0.0|0.0|0.0|2.0|0.0|0.0|1.0|14.0|0.0|
165.0|41690.0|AK_45|AC_170|2330.0|2.0|140.0|0.0|5.0|0.0|0.0|0.0|0.0|0.0|0.0|1.0|1.0|1.0|1.0|0.0|16.0|0.0|
135.0|41690.0|AK_45|AC_170|2345.0|2.0|118.0|0.0|0.0|0.0|0.0|0.0|0.0|2.0|0.0|0.0|1.0|3.0|0.0|0.0|11.0|0.0|
131.0|41690.0|AK_45|AC_170|0.0|2.0|110.0|0.0|1.0|0.0|0.0|0.0|0.0|4.0|0.0|1.0|2.0|1.0|0.0|1.0|11.0|0.0|
84.0|41690.0|AK_45|AC_170|15.0|2.0|73.0|0.0|1.0|0.0|0.0|0.0|0.0|1.0|0.0|0.0|0.0|0.0|0.0|0.0|9.0|0.0|
77.0|41690.0|AK_45|AC_170|30.0|2.0|66.0|0.0|2.0|0.0|0.0|0.0|0.0|4.0|0.0|0.0|0.0|0.0|0.0|0.0|4.0|1.0|
54.0|41690.0|AK_45|AC_170|45.0|2.0|46.0|0.0|2.0|0.0|0.0|0.0|0.0|2.0|0.0|0.0|1.0|0.0|0.0|0.0|3.0|0.0|
49.0|41690.0|AK_45|AC_170|100.0|2.0|38.0|0.0|0.0|0.0|0.0|0.0|0.0|3.0|0.0|0.0|1.0|0.0|1.0|1.0|5.0|0.0|
45.0|41690.0|AK_45|AC_170|115.0|2.0|36.0|0.0|1.0|0.0|0.0|0.0|0.0|1.0|0.0|1.0|0.0|0.0|0.0|0.0|6.0|0.0|
33.0|41690.0|AK_45|AC_170|130.0|2.0|26.0|0.0|1.0|0.0|0.0|0.0|0.0|2.0|0.0|0.0|1.0|0.0|0.0|0.0|3.0|0.0|
45.0|41690.0|AK_45|AC_170|145.0|2.0|29.0|0.0|0.0|0.0|0.0|0.0|0.0|3.0|0.0|0.0|1.0|0.0|0.0|0.0|12.0|0.0|
33.0|41690.0|AK_45|AC_170|200.0|2.0|23.0|0.0|0.0|0.0|0.0|0.0|0.0|4.0|0.0|1.0|1.0|0.0|0.0|0.0|4.0|0.0|
22.0|41690.0|AK_45|AC_170|215.0|2.0|14.0|0.0|0.0|0.0|0.0|0.0|0.0|4.0|0.0|1.0|0.0|0.0|0.0|0.0|3.0|0.0|
37.0|41690.0|AK_45|AC_170|230.0|2.0|28.0|0.0|1.0|0.0|0.0|0.0|0.0|1.0|0.0|1.0|0.0|0.0|0.0|0.0|6.0|0.0|
31.0|41690.0|AK_45|AC_170|245.0|2.0|24.0|0.0|0.0|0.0|0.0|0.0|0.0|3.0|0.0|1.0|0.0|0.0|0.0|1.0|2.0|0.0|
37.0|41690.0|AK_45|AC_170|300.0|2.0|34.0|0.0|0.0|0.0|0.0|0.0|0.0|1.0|0.0|1.0|0.0|0.0|0.0|1.0|0.0|0.0|
40.0|41690.0|AK_45|AC_170|315.0|2.0|35.0|0.0|1.0|0.0|0.0|0.0|0.0|1.0|0.0|0.0|0.0|0.0|0.0|1.0|2.0|0.0|
34.0|41690.0|AK_45|AC_170|330.0|2.0|25.0|0.0|0.0|1.0|0.0|0.0|0.0|0.0|0.0|0.0|1.0|2.0|1.0|0.0|4.0|0.0|
30.0|41690.0|AK_45|AC_170|345.0|2.0|18.0|0.0|0.0|2.0|0.0|0.0|0.0|0.0|0.0|0.0|1.0|1.0|0.0|0.0|5.0|3.0|
43.0|41690.0|AK_45|AC_170|400.0|2.0|31.0|0.0|0.0|3.0|0.0|0.0|0.0|1.0|0.0|1.0|1.0|0.0|0.0|0.0|5.0|1.0|
62.0|41690.0|AK_45|AC_170|415.0|2.0|46.0|0.0|0.0|5.0|0.0|0.0|0.0|1.0|0.0|1.0|4.0|1.0|0.0|0.0|3.0|1.0|
72.0|41690.0|AK_45|AC_170|430.0|2.0|49.0|0.0|3.0|2.0|0.0|0.0|0.0|1.0|0.0|1.0|1.0|0.0|1.0|0.0|7.0|7.0|
93.0|41690.0|AK_45|AC_170|445.0|2.0|52.0|1.0|7.0|3.0|0.0|0.0|0.0|12.0|0.0|0.0|4.0|1.0|0.0|0.0|8.0|5.0|
144.0|41690.0|AK_45|AC_170|500.0|2.0|83.0|3.0|4.0|5.0|0.0|0.0|0.0|21.0|0.0|1.0|4.0|0.0|1.0|3.0|14.0|5.0|
176.0|41690.0|AK_45|AC_170|515.0|2.0|100.0|5.0|7.0|1.0|0.0|0.0|0.0|31.0|3.0|2.0|7.0|0.0|1.0|1.0|10.0|8.0|
289.0|41690.0|AK_45|AC_170|530.0|2.0|187.0|7.0|0.0|3.0|0.0|0.0|0.0|39.0|1.0|2.0|7.0|0.0|0.0|0.0|30.0|13.0|
348.0|41690.0|AK_45|AC_170|545.0|2.0|243.0|9.0|0.0|3.0|0.0|0.0|0.0|41.0|3.0|3.0|3.0|0.0|0.0|0.0|27.0|16.0|
465.0|41690.0|AK_45|AC_170|2200.0|2B|344.0|0.0|1.0|0.0|0.0|21.0|7.0|3.0|0.0|0.0|8.0|1.0|4.0|5.0|71.0|0.0|
451.0|41690.0|AK_45|AC_170|2215.0|2B|335.0|0.0|1.0|0.0|0.0|37.0|6.0|8.0|1.0|3.0|4.0|6.0|5.0|1.0|44.0|0.0|
403.0|41690.0|AK_45|AC_170|2230.0|2B|302.0|0.0|0.0|0.0|0.0|26.0|8.0|3.0|0.0|0.0|12.0|3.0|9.0|5.0|35.0|0.0|
240.0|41690.0|AK_45|AC_170|2245.0|2B|164.0|1.0|0.0|0.0|0.0|36.0|5.0|3.0|0.0|0.0|3.0|1.0|3.0|2.0|22.0|0.0|
196.0|41690.0|AK_45|AC_170|2300.0|2B|145.0|0.0|1.0|0.0|0.0|14.0|2.0|5.0|0.0|2.0|6.0|1.0|3.0|7.0|10.0|0.0|
192.0|41690.0|AK_45|AC_170|2315.0|2B|120.0|0.0|2.0|0.0|0.0|23.0|0.0|4.0|0.0|1.0|5.0|7.0|5.0|7.0|18.0|0.0|
136.0|41690.0|AK_45|AC_170|2330.0|2B|98.0|0.0|1.0|0.0|0.0|18.0|0.0|1.0|0.0|0.0|1.0|2.0|2.0|8.0|5.0|0.0|
115.0|41690.0|AK_45|AC_170|2345.0|2B|79.0|0.0|3.0|0.0|0.0|9.0|0.0|1.0|0.0|0.0|1.0|1.0|5.0|4.0|12.0|0.0|
100.0|41690.0|AK_45|AC_170|0.0|2B|66.0|0.0|2.0|0.0|0.0|7.0|0.0|2.0|1.0|2.0|5.0|2.0|3.0|3.0|7.0|0.0|
93.0|41690.0|AK_45|AC_170|15.0|2B|72.0|0.0|0.0|0.0|0.0|1.0|0.0|2.0|1.0|0.0|2.0|3.0|5.0|0.0|7.0|0.0|
97.0|41690.0|AK_45|AC_170|30.0|2B|57.0|0.0|1.0|1.0|0.0|0.0|0.0|3.0|1.0|1.0|4.0|10.0|6.0|7.0|6.0|0.0|
46.0|41690.0|AK_45|AC_170|45.0|2B|28.0|0.0|0.0|0.0|0.0|0.0|0.0|1.0|0.0|4.0|0.0|4.0|6.0|2.0|1.0|0.0|
53.0|41690.0|AK_45|AC_170|100.0|2B|22.0|0.0|10.0|0.0|0.0|0.0|0.0|0.0|0.0|0.0|7.0|5.0|1.0|3.0|5.0|0.0|
54.0|41690.0|AK_45|AC_170|115.0|2B|27.0|0.0|10.0|1.0|0.0|0.0|0.0|3.0|0.0|3.0|0.0|0.0|5.0|5.0|0.0|0.0|
57.0|41690.0|AK_45|AC_170|130.0|2B|24.0|0.0|10.0|0.0|0.0|0.0|0.0|1.0|0.0|3.0|3.0|4.0|6.0|2.0|4.0|0.0|
34.0|41690.0|AK_45|AC_170|145.0|2B|14.0|0.0|0.0|0.0|0.0|0.0|0.0|2.0|0.0|6.0|1.0|3.0|1.0|5.0|2.0|0.0|
62.0|41690.0|AK_45|AC_170|200.0|2B|23.0|0.0|10.0|0.0|0.0|0.0|0.0|10.0|0.0|2.0|4.0|3.0|1.0|6.0|3.0|0.0|
66.0|41690.0|AK_45|AC_170|215.0|2B|19.0|0.0|10.0|0.0|0.0|1.0|0.0|11.0|0.0|2.0|3.0|9.0|7.0|2.0|2.0|0.0|
52.0|41690.0|AK_45|AC_170|230.0|2B|21.0|0.0|10.0|0.0|0.0|0.0|0.0|1.0|0.0|1.0|4.0|4.0|8.0|2.0|1.0|0.0|
41.0|41690.0|AK_45|AC_170|245.0|2B|13.0|0.0|0.0|0.0|0.0|0.0|0.0|4.0|0.0|0.0|3.0|7.0|6.0|3.0|5.0|0.0|
43.0|41690.0|AK_45|AC_170|300.0|2B|21.0|0.0|0.0|1.0|0.0|0.0|0.0|1.0|0.0|1.0|3.0|5.0|2.0|7.0|2.0|0.0|
48.0|41690.0|AK_45|AC_170|315.0|2B|25.0|0.0|0.0|0.0|0.0|0.0|0.0|0.0|0.0|3.0|3.0|6.0|4.0|5.0|2.0|0.0|
47.0|41690.0|AK_45|AC_170|330.0|2B|21.0|0.0|0.0|2.0|0.0|0.0|0.0|0.0|0.0|1.0|6.0|4.0|6.0|1.0|6.0|0.0|
46.0|41690.0|AK_45|AC_170|345.0|2B|21.0|0.0|0.0|4.0|0.0|0.0|0.0|0.0|0.0|3.0|3.0|6.0|5.0|2.0|2.0|0.0|
63.0|41690.0|AK_45|AC_170|400.0|2B|29.0|1.0|0.0|4.0|0.0|0.0|0.0|2.0|0.0|1.0|8.0|9.0|4.0|4.0|1.0|0.0|
81.0|41690.0|AK_45|AC_170|415.0|2B|30.0|0.0|0.0|3.0|0.0|0.0|0.0|2.0|0.0|7.0|11.0|16.0|7.0|1.0|4.0|0.0|
130.0|41690.0|AK_45|AC_170|430.0|2B|54.0|1.0|1.0|10.0|0.0|3.0|0.0|7.0|1.0|5.0|11.0|12.0|3.0|13.0|9.0|0.0|
154.0|41690.0|AK_45|AC_170|445.0|2B|81.0|1.0|4.0|5.0|0.0|0.0|0.0|17.0|1.0|4.0|3.0|11.0|5.0|15.0|6.0|1.0|
227.0|41690.0|AK_45|AC_170|500.0|2B|115.0|0.0|0.0|5.0|0.0|4.0|5.0|20.0|0.0|8.0|24.0|4.0|4.0|18.0|20.0|0.0|
402.0|41690.0|AK_45|AC_170|515.0|2B|192.0|1.0|0.0|1.0|0.0|5.0|4.0|37.0|1.0|12.0|36.0|13.0|63.0|9.0|28.0|0.0|
533.0|41690.0|AK_45|AC_170|530.0|2B|361.0|0.0|0.0|3.0|0.0|17.0|4.0|17.0|0.0|12.0|38.0|11.0|1.0|12.0|57.0|0.0|
831.0|41690.0|AK_45|AC_170|545.0|2B|635.0|0.0|0.0|0.0|0.0|20.0|7.0|29.0|2.0|10.0|45.0|13.0|2.0|5.0|63.0|0.0|
173.0|41690.0|AK_45|AC_170|2200.0|3.0|121.0|6.0|5.0|2.0|3.0|0.0|0.0|0.0|2.0|0.0|2.0|0.0|0.0|3.0|29.0|0.0|
180.0|41690.0|AK_45|AC_170|2215.0|3.0|127.0|1.0|6.0|1.0|6.0|0.0|0.0|1.0|3.0|0.0|0.0|0.0|1.0|1.0|33.0|0.0|
201.0|41690.0|AK_45|AC_170|2230.0|3.0|147.0|2.0|11.0|1.0|3.0|0.0|0.0|2.0|4.0|1.0|1.0|0.0|0.0|3.0|26.0|0.0|
174.0|41690.0|AK_45|AC_170|2245.0|3.0|128.0|2.0|8.0|2.0|5.0|0.0|0.0|1.0|3.0|0.0|1.0|0.0|0.0|1.0|23.0|0.0|
154.0|41690.0|AK_45|AC_170|2300.0|3.0|107.0|3.0|11.0|1.0|3.0|0.0|0.0|4.0|2.0|0.0|0.0|0.0|1.0|0.0|22.0|0.0|
132.0|41690.0|AK_45|AC_170|2315.0|3.0|94.0|0.0|12.0|2.0|1.0|0.0|0.0|0.0|1.0|0.0|2.0|3.0|0.0|0.0|17.0|0.0|
71.0|41690.0|AK_45|AC_170|2330.0|3.0|39.0|0.0|6.0|1.0|1.0|0.0|0.0|1.0|3.0|0.0|1.0|1.0|0.0|0.0|18.0|0.0|
92.0|41690.0|AK_45|AC_170|2345.0|3.0|67.0|0.0|6.0|1.0|2.0|0.0|0.0|2.0|1.0|0.0|1.0|0.0|0.0|1.0|11.0|0.0|
72.0|41690.0|AK_45|AC_170|0.0|3.0|47.0|0.0|6.0|1.0|0.0|0.0|0.0|3.0|0.0|2.0|1.0|1.0|1.0|0.0|10.0|0.0|
74.0|41690.0|AK_45|AC_170|15.0|3.0|59.0|0.0|3.0|0.0|0.0|0.0|0.0|5.0|0.0|0.0|0.0|0.0|0.0|0.0|7.0|0.0|
66.0|41690.0|AK_45|AC_170|30.0|3.0|61.0|0.0|1.0|0.0|0.0|0.0|0.0|3.0|1.0|0.0|0.0|0.0|0.0|0.0|0.0|0.0|
30.0|41690.0|AK_45|AC_170|45.0|3.0|23.0|0.0|1.0|0.0|0.0|0.0|0.0|2.0|0.0|0.0|1.0|0.0|0.0|0.0|3.0|0.0|
36.0|41690.0|AK_45|AC_170|100.0|3.0|25.0|0.0|2.0|0.0|0.0|0.0|0.0|1.0|0.0|0.0|1.0|1.0|0.0|1.0|5.0|0.0|
40.0|41690.0|AK_45|AC_170|115.0|3.0|29.0|0.0|0.0|1.0|0.0|0.0|0.0|3.0|1.0|0.0|0.0|3.0|0.0|1.0|1.0|1.0|
36.0|41690.0|AK_45|AC_170|130.0|3.0|26.0|0.0|0.0|0.0|0.0|0.0|0.0|1.0|2.0|1.0|0.0|0.0|0.0|1.0|3.0|2.0|
23.0|41690.0|AK_45|AC_170|145.0|3.0|16.0|0.0|0.0|1.0|0.0|0.0|0.0|2.0|0.0|1.0|0.0|0.0|0.0|0.0|3.0|0.0|
22.0|41690.0|AK_45|AC_170|200.0|3.0|12.0|0.0|1.0|1.0|0.0|0.0|0.0|1.0|1.0|0.0|0.0|0.0|0.0|2.0|4.0|0.0|
18.0|41690.0|AK_45|AC_170|215.0|3.0|10.0|0.0|0.0|1.0|0.0|0.0|0.0|0.0|2.0|3.0|0.0|0.0|0.0|0.0|2.0|0.0|
29.0|41690.0|AK_45|AC_170|230.0|3.0|12.0|0.0|1.0|1.0|0.0|0.0|0.0|1.0|3.0|2.0|3.0|1.0|0.0|2.0|3.0|0.0|
32.0|41690.0|AK_45|AC_170|245.0|3.0|17.0|0.0|0.0|1.0|0.0|0.0|0.0|1.0|1.0|2.0|2.0|0.0|0.0|1.0|7.0|0.0|
28.0|41690.0|AK_45|AC_170|300.0|3.0|15.0|0.0|0.0|1.0|0.0|0.0|0.0|2.0|0.0|2.0|1.0|1.0|0.0|0.0|6.0|0.0|
29.0|41690.0|AK_45|AC_170|315.0|3.0|11.0|0.0|1.0|0.0|0.0|0.0|0.0|2.0|2.0|2.0|2.0|1.0|1.0|0.0|7.0|0.0|
30.0|41690.0|AK_45|AC_170|330.0|3.0|15.0|0.0|0.0|0.0|0.0|0.0|0.0|2.0|3.0|2.0|1.0|1.0|1.0|1.0|4.0|0.0|
35.0|41690.0|AK_45|AC_170|345.0|3.0|31.0|0.0|0.0|0.0|0.0|0.0|0.0|0.0|0.0|1.0|0.0|2.0|0.0|0.0|1.0|0.0|
27.0|41690.0|AK_45|AC_170|400.0|3.0|3.0|3.0|4.0|2.0|0.0|0.0|0.0|1.0|3.0|1.0|5.0|0.0|0.0|2.0|3.0|0.0|
93.0|41690.0|AK_45|AC_170|415.0|3.0|51.0|1.0|5.0|3.0|12.0|0.0|0.0|1.0|1.0|0.0|1.0|5.0|1.0|2.0|10.0|0.0|
116.0|41690.0|AK_45|AC_170|430.0|3.0|41.0|1.0|7.0|6.0|11.0|0.0|0.0|10.0|5.0|0.0|2.0|6.0|5.0|5.0|17.0|0.0|
182.0|41690.0|AK_45|AC_170|445.0|3.0|91.0|0.0|6.0|11.0|5.0|0.0|0.0|22.0|5.0|1.0|7.0|1.0|2.0|5.0|26.0|0.0|
207.0|41690.0|AK_45|AC_170|500.0|3.0|93.0|3.0|4.0|22.0|2.0|0.0|0.0|29.0|13.0|2.0|8.0|3.0|0.0|8.0|20.0|0.0|
321.0|41690.0|AK_45|AC_170|515.0|3.0|172.0|10.0|7.0|13.0|8.0|0.0|0.0|58.0|7.0|0.0|5.0|4.0|3.0|5.0|29.0|0.0|
531.0|41690.0|AK_45|AC_170|530.0|3.0|305.0|8.0|11.0|21.0|12.0|0.0|0.0|73.0|13.0|8.0|10.0|3.0|2.0|4.0|61.0|0.0|
629.0|41690.0|AK_45|AC_170|545.0|3.0|421.0|12.0|6.0|16.0|9.0|0.0|0.0|51.0|16.0|6.0|13.0|1.0|1.0|6.0|71.0|0.0|
284.0|41690.0|AK_45|AC_170|2200.0|4.0|225.0|3.0|3.0|6.0|3.0|0.0|0.0|2.0|0.0|2.0|0.0|1.0|0.0|0.0|38.0|1.0|
298.0|41690.0|AK_45|AC_170|2215.0|4.0|227.0|3.0|12.0|7.0|4.0|0.0|0.0|4.0|0.0|2.0|0.0|0.0|0.0|0.0|39.0|0.0|
234.0|41690.0|AK_45|AC_170|2230.0|4.0|195.0|1.0|7.0|4.0|3.0|0.0|0.0|3.0|0.0|1.0|1.0|0.0|0.0|0.0|19.0|0.0|
191.0|41690.0|AK_45|AC_170|2245.0|4.0|146.0|2.0|6.0|3.0|2.0|0.0|0.0|3.0|0.0|0.0|0.0|0.0|0.0|0.0|29.0|0.0|
139.0|41690.0|AK_45|AC_170|2300.0|4.0|116.0|1.0|5.0|1.0|3.0|0.0|0.0|2.0|0.0|0.0|0.0|0.0|0.0|0.0|11.0|0.0|
80.0|41690.0|AK_45|AC_170|2315.0|4.0|57.0|0.0|6.0|2.0|3.0|0.0|0.0|3.0|0.0|0.0|0.0|0.0|0.0|0.0|9.0|0.0|
92.0|41690.0|AK_45|AC_170|2330.0|4.0|74.0|0.0|7.0|0.0|2.0|0.0|0.0|0.0|0.0|0.0|0.0|1.0|0.0|0.0|8.0|0.0|
49.0|41690.0|AK_45|AC_170|2345.0|4.0|41.0|0.0|2.0|1.0|2.0|0.0|0.0|0.0|0.0|0.0|0.0|0.0|0.0|0.0|3.0|0.0|
68.0|41690.0|AK_45|AC_170|0.0|4.0|50.0|0.0|2.0|2.0|3.0|0.0|0.0|2.0|0.0|0.0|0.0|0.0|0.0|0.0|9.0|0.0|
59.0|41690.0|AK_45|AC_170|15.0|4.0|47.0|0.0|2.0|0.0|1.0|0.0|0.0|1.0|0.0|0.0|1.0|0.0|1.0|0.0|6.0|0.0|
41.0|41690.0|AK_45|AC_170|30.0|4.0|36.0|0.0|0.0|0.0|0.0|0.0|0.0|0.0|0.0|0.0|0.0|0.0|0.0|0.0|5.0|0.0|
46.0|41690.0|AK_45|AC_170|45.0|4.0|40.0|0.0|0.0|0.0|2.0|0.0|0.0|1.0|0.0|1.0|0.0|0.0|0.0|0.0|2.0|0.0|
33.0|41690.0|AK_45|AC_170|100.0|4.0|30.0|0.0|0.0|0.0|0.0|0.0|0.0|0.0|0.0|1.0|0.0|0.0|0.0|0.0|2.0|0.0|
35.0|41690.0|AK_45|AC_170|115.0|4.0|31.0|0.0|0.0|0.0|0.0|0.0|0.0|0.0|0.0|0.0|0.0|1.0|0.0|0.0|3.0|0.0|
35.0|41690.0|AK_45|AC_170|130.0|4.0|28.0|0.0|0.0|0.0|0.0|0.0|0.0|3.0|0.0|1.0|0.0|0.0|1.0|0.0|2.0|0.0|
30.0|41690.0|AK_45|AC_170|145.0|4.0|24.0|0.0|2.0|0.0|0.0|0.0|0.0|1.0|0.0|0.0|0.0|0.0|0.0|0.0|3.0|0.0|
22.0|41690.0|AK_45|AC_170|200.0|4.0|20.0|0.0|0.0|0.0|0.0|0.0|0.0|1.0|0.0|1.0|0.0|0.0|0.0|0.0|0.0|0.0|
33.0|41690.0|AK_45|AC_170|215.0|4.0|21.0|0.0|0.0|0.0|0.0|0.0|0.0|0.0|0.0|8.0|0.0|0.0|0.0|0.0|3.0|1.0|
21.0|41690.0|AK_45|AC_170|230.0|4.0|18.0|0.0|1.0|0.0|0.0|0.0|0.0|0.0|0.0|2.0|0.0|0.0|0.0|0.0|0.0|0.0|
26.0|41690.0|AK_45|AC_170|245.0|4.0|19.0|0.0|0.0|1.0|0.0|0.0|0.0|0.0|0.0|1.0|0.0|0.0|0.0|0.0|5.0|0.0|
34.0|41690.0|AK_45|AC_170|300.0|4.0|22.0|0.0|0.0|0.0|0.0|0.0|0.0|6.0|0.0|3.0|0.0|1.0|0.0|0.0|2.0|0.0|
36.0|41690.0|AK_45|AC_170|315.0|4.0|28.0|0.0|2.0|0.0|0.0|0.0|0.0|0.0|0.0|3.0|1.0|0.0|0.0|0.0|2.0|0.0|
43.0|41690.0|AK_45|AC_170|330.0|4.0|33.0|0.0|1.0|0.0|0.0|0.0|0.0|0.0|1.0|2.0|1.0|0.0|0.0|0.0|5.0|0.0|
44.0|41690.0|AK_45|AC_170|345.0|4.0|33.0|1.0|4.0|1.0|0.0|0.0|0.0|0.0|1.0|1.0|0.0|0.0|0.0|0.0|3.0|0.0|
46.0|41690.0|AK_45|AC_170|400.0|4.0|21.0|1.0|5.0|3.0|0.0|0.0|0.0|0.0|0.0|0.0|5.0|3.0|1.0|0.0|7.0|0.0|
71.0|41690.0|AK_45|AC_170|415.0|4.0|46.0|0.0|5.0|1.0|0.0|0.0|0.0|10.0|0.0|2.0|0.0|0.0|0.0|0.0|7.0|0.0|
88.0|41690.0|AK_45|AC_170|430.0|4.0|55.0|0.0|2.0|2.0|0.0|0.0|0.0|15.0|0.0|0.0|1.0|3.0|0.0|0.0|9.0|1.0|
165.0|41690.0|AK_45|AC_170|445.0|4.0|92.0|1.0|6.0|8.0|3.0|0.0|0.0|31.0|1.0|4.0|4.0|3.0|0.0|0.0|12.0|0.0|
174.0|41690.0|AK_45|AC_170|500.0|4.0|95.0|1.0|4.0|6.0|3.0|0.0|0.0|38.0|0.0|3.0|7.0|0.0|1.0|0.0|15.0|1.0|
322.0|41690.0|AK_45|AC_170|515.0|4.0|185.0|0.0|10.0|16.0|3.0|0.0|0.0|63.0|0.0|4.0|2.0|10.0|0.0|1.0|28.0|0.0|
447.0|41690.0|AK_45|AC_170|530.0|4.0|300.0|3.0|10.0|18.0|4.0|0.0|0.0|70.0|0.0|6.0|8.0|3.0|1.0|0.0|24.0|0.0|
546.0|41690.0|AK_45|AC_170|545.0|4.0|374.0|1.0|6.0|17.0|5.0|0.0|0.0|61.0|0.0|8.0|8.0|8.0|0.0|0.0|58.0|0.0|
1716.0|41690.0|AK_45|AC_170|600.0|1.0|1335.0|2.0|8.0|23.0|9.0|33.0|7.0|95.0|21.0|44.0|22.0|5.0|3.0|1.0|108.0|0.0|
2080.0|41690.0|AK_45|AC_170|615.0|1.0|1668.0|3.0|11.0|18.0|8.0|19.0|5.0|103.0|25.0|38.0|12.0|8.0|2.0|1.0|157.0|2.0|
1847.0|41690.0|AK_45|AC_170|630.0|1.0|1446.0|2.0|9.0|19.0|8.0|27.0|6.0|83.0|22.0|25.0|13.0|11.0|0.0|1.0|175.0|0.0|
1655.0|41690.0|AK_45|AC_170|645.0|1.0|1223.0|4.0|9.0|21.0|8.0|24.0|5.0|89.0|45.0|34.0|5.0|3.0|1.0|0.0|182.0|2.0|
1391.0|41690.0|AK_45|AC_170|700.0|1.0|994.0|3.0|7.0|18.0|5.0|48.0|6.0|63.0|47.0|12.0|6.0|2.0|0.0|0.0|180.0|0.0|
1170.0|41690.0|AK_45|AC_170|715.0|1.0|756.0|3.0|5.0|11.0|7.0|67.0|9.0|49.0|33.0|17.0|4.0|0.0|0.0|0.0|204.0|5.0|
1079.0|41690.0|AK_45|AC_170|730.0|1.0|742.0|6.0|4.0|11.0|8.0|36.0|8.0|39.0|25.0|13.0|6.0|2.0|1.0|0.0|174.0|4.0|
1084.0|41690.0|AK_45|AC_170|745.0|1.0|722.0|1.0|8.0|8.0|6.0|38.0|6.0|64.0|20.0|25.0|3.0|0.0|2.0|0.0|176.0|5.0|
1377.0|41690.0|AK_45|AC_170|800.0|1.0|968.0|3.0|11.0|17.0|6.0|33.0|4.0|104.0|45.0|26.0|13.0|10.0|0.0|1.0|136.0|0.0|
1482.0|41690.0|AK_45|AC_170|815.0|1.0|1070.0|2.0|9.0|20.0|6.0|5.0|5.0|92.0|59.0|57.0|23.0|17.0|2.0|1.0|113.0|1.0|
1653.0|41690.0|AK_45|AC_170|830.0|1.0|1331.0|1.0|14.0|19.0|7.0|7.0|7.0|45.0|44.0|28.0|14.0|8.0|2.0|2.0|124.0|0.0|
1488.0|41690.0|AK_45|AC_170|845.0|1.0|1184.0|4.0|7.0|21.0|7.0|9.0|9.0|40.0|50.0|33.0|21.0|5.0|2.0|2.0|93.0|1.0|
1358.0|41690.0|AK_45|AC_170|900.0|1.0|1080.0|2.0|12.0|16.0|5.0|22.0|5.0|38.0|34.0|15.0|54.0|5.0|1.0|0.0|69.0|0.0|
1328.0|41690.0|AK_45|AC_170|915.0|1.0|1039.0|4.0|13.0|22.0|3.0|31.0|9.0|30.0|29.0|15.0|28.0|3.0|0.0|0.0|98.0|4.0|
1285.0|41690.0|AK_45|AC_170|930.0|1.0|1041.0|4.0|14.0|15.0|5.0|27.0|3.0|16.0|20.0|7.0|43.0|8.0|0.0|1.0|76.0|5.0|
1286.0|41690.0|AK_45|AC_170|945.0|1.0|984.0|2.0|12.0|21.0|3.0|22.0|7.0|14.0|40.0|18.0|44.0|17.0|13.0|8.0|78.0|3.0|
1359.0|41690.0|AK_45|AC_170|1000.0|1.0|993.0|2.0|9.0|17.0|3.0|28.0|4.0|19.0|36.0|13.0|88.0|33.0|9.0|31.0|72.0|2.0|
1286.0|41690.0|AK_45|AC_170|1015.0|1.0|983.0|3.0|10.0|14.0|4.0|19.0|4.0|14.0|33.0|16.0|64.0|24.0|6.0|13.0|76.0|3.0|
1467.0|41690.0|AK_45|AC_170|1030.0|1.0|1140.0|2.0|10.0|18.0|4.0|14.0|2.0|22.0|41.0|13.0|54.0|22.0|2.0|11.0|109.0|3.0|
1346.0|41690.0|AK_45|AC_170|1045.0|1.0|1040.0|2.0|7.0|11.0|6.0|23.0|0.0|13.0|38.0|13.0|63.0|19.0|3.0|18.0|87.0|3.0|
1185.0|41690.0|AK_45|AC_170|1100.0|1.0|890.0|5.0|6.0|18.0|5.0|17.0|5.0|12.0|37.0|8.0|53.0|11.0|3.0|12.0|102.0|1.0|
1401.0|41690.0|AK_45|AC_170|1115.0|1.0|1073.0|2.0|7.0|17.0|4.0|18.0|2.0|28.0|34.0|6.0|72.0|11.0|3.0|9.0|113.0|2.0|
1362.0|41690.0|AK_45|AC_170|1130.0|1.0|1089.0|3.0|6.0|14.0|4.0|27.0|4.0|12.0|27.0|9.0|48.0|14.0|4.0|6.0|95.0|0.0|
1301.0|41690.0|AK_45|AC_170|1145.0|1.0|991.0|4.0|5.0|19.0|6.0|34.0|6.0|20.0|44.0|9.0|52.0|9.0|2.0|10.0|90.0|0.0|
1326.0|41690.0|AK_45|AC_170|1200.0|1.0|1044.0|3.0|8.0|13.0|4.0|28.0|4.0|17.0|38.0|16.0|5.0|16.0|16.0|7.0|107.0|0.0|
1392.0|41690.0|AK_45|AC_170|1215.0|1.0|1049.0|4.0|7.0|15.0|3.0|25.0|3.0|40.0|42.0|14.0|39.0|22.0|22.0|4.0|102.0|1.0|
1406.0|41690.0|AK_45|AC_170|1230.0|1.0|1064.0|2.0|5.0|20.0|6.0|20.0|3.0|36.0|45.0|16.0|58.0|21.0|21.0|8.0|77.0|4.0|
1381.0|41690.0|AK_45|AC_170|1245.0|1.0|1044.0|2.0|9.0|14.0|6.0|16.0|2.0|35.0|36.0|8.0|55.0|21.0|21.0|3.0|104.0|5.0|
1436.0|41690.0|AK_45|AC_170|1300.0|1.0|1078.0|4.0|7.0|15.0|1.0|14.0|1.0|51.0|48.0|13.0|50.0|22.0|2.0|11.0|118.0|1.0|
1464.0|41690.0|AK_45|AC_170|1315.0|1.0|1104.0|1.0|9.0|14.0|6.0|24.0|4.0|33.0|39.0|12.0|57.0|17.0|2.0|9.0|133.0|0.0|
1448.0|41690.0|AK_45|AC_170|1330.0|1.0|1102.0|2.0|6.0|12.0|5.0|37.0|4.0|47.0|43.0|9.0|43.0|10.0|5.0|13.0|110.0|0.0|
1382.0|41690.0|AK_45|AC_170|1345.0|1.0|1073.0|3.0|5.0|15.0|3.0|20.0|1.0|48.0|32.0|9.0|42.0|12.0|2.0|3.0|114.0|0.0|
398.0|41690.0|AK_45|AC_170|600.0|2.0|249.0|3.0|2.0|3.0|0.0|0.0|0.0|51.0|0.0|5.0|10.0|1.0|0.0|0.0|62.0|12.0|
445.0|41690.0|AK_45|AC_170|615.0|2.0|255.0|4.0|2.0|1.0|0.0|0.0|0.0|84.0|0.0|6.0|7.0|1.0|0.0|0.0|79.0|6.0|
480.0|41690.0|AK_45|AC_170|630.0|2.0|282.0|3.0|3.0|2.0|0.0|0.0|0.0|86.0|0.0|6.0|15.0|0.0|0.0|0.0|74.0|9.0|
504.0|41690.0|AK_45|AC_170|645.0|2.0|273.0|2.0|0.0|1.0|0.0|0.0|0.0|134.0|1.0|7.0|11.0|0.0|0.0|0.0|71.0|4.0|
451.0|41690.0|AK_45|AC_170|700.0|2.0|249.0|3.0|3.0|2.0|0.0|0.0|0.0|110.0|2.0|5.0|7.0|0.0|0.0|0.0|66.0|4.0|
405.0|41690.0|AK_45|AC_170|715.0|2.0|244.0|5.0|0.0|1.0|0.0|0.0|0.0|55.0|0.0|1.0|10.0|1.0|0.0|0.0|75.0|13.0|
393.0|41690.0|AK_45|AC_170|730.0|2.0|264.0|2.0|0.0|0.0|0.0|0.0|0.0|38.0|0.0|8.0|8.0|3.0|0.0|0.0|66.0|4.0|
419.0|41690.0|AK_45|AC_170|745.0|2.0|295.0|4.0|1.0|1.0|0.0|0.0|0.0|18.0|0.0|10.0|8.0|4.0|0.0|0.0|74.0|4.0|
410.0|41690.0|AK_45|AC_170|800.0|2.0|284.0|3.0|0.0|0.0|0.0|0.0|0.0|27.0|0.0|12.0|10.0|2.0|0.0|0.0|66.0|6.0|
416.0|41690.0|AK_45|AC_170|815.0|2.0|296.0|3.0|2.0|0.0|0.0|0.0|0.0|17.0|0.0|11.0|10.0|5.0|0.0|0.0|69.0|3.0|
440.0|41690.0|AK_45|AC_170|830.0|2.0|331.0|2.0|1.0|0.0|0.0|0.0|0.0|8.0|0.0|14.0|14.0|5.0|0.0|0.0|62.0|3.0|
510.0|41690.0|AK_45|AC_170|845.0|2.0|382.0|1.0|0.0|0.0|0.0|0.0|0.0|15.0|2.0|9.0|14.0|8.0|0.0|1.0|76.0|2.0|
466.0|41690.0|AK_45|AC_170|900.0|2.0|355.0|2.0|0.0|0.0|0.0|0.0|0.0|8.0|1.0|13.0|16.0|3.0|0.0|0.0|67.0|1.0|
484.0|41690.0|AK_45|AC_170|915.0|2.0|367.0|1.0|2.0|1.0|0.0|0.0|0.0|10.0|0.0|8.0|11.0|3.0|0.0|0.0|78.0|3.0|
506.0|41690.0|AK_45|AC_170|930.0|2.0|399.0|1.0|0.0|0.0|0.0|0.0|0.0|12.0|0.0|8.0|17.0|0.0|0.0|0.0|68.0|1.0|
507.0|41690.0|AK_45|AC_170|945.0|2.0|415.0|2.0|1.0|0.0|0.0|0.0|0.0|5.0|0.0|8.0|14.0|1.0|0.0|0.0|60.0|1.0|
530.0|41690.0|AK_45|AC_170|1000.0|2.0|404.0|2.0|1.0|0.0|0.0|0.0|0.0|11.0|0.0|8.0|16.0|4.0|1.0|1.0|80.0|2.0|
521.0|41690.0|AK_45|AC_170|1015.0|2.0|400.0|1.0|2.0|3.0|0.0|0.0|0.0|10.0|1.0|13.0|12.0|2.0|1.0|0.0|74.0|2.0|
547.0|41690.0|AK_45|AC_170|1030.0|2.0|419.0|3.0|0.0|1.0|0.0|0.0|0.0|6.0|0.0|11.0|22.0|1.0|0.0|0.0|84.0|0.0|
570.0|41690.0|AK_45|AC_170|1045.0|2.0|449.0|2.0|0.0|0.0|0.0|0.0|0.0|8.0|0.0|11.0|23.0|4.0|0.0|0.0|71.0|2.0|
527.0|41690.0|AK_45|AC_170|1100.0|2.0|402.0|1.0|1.0|0.0|0.0|0.0|0.0|9.0|0.0|10.0|14.0|6.0|0.0|0.0|82.0|2.0|
625.0|41690.0|AK_45|AC_170|1115.0|2.0|481.0|2.0|2.0|0.0|0.0|0.0|0.0|6.0|0.0|15.0|17.0|4.0|0.0|0.0|96.0|2.0|
530.0|41690.0|AK_45|AC_170|1130.0|2.0|381.0|1.0|1.0|0.0|0.0|0.0|0.0|7.0|0.0|14.0|20.0|5.0|0.0|0.0|100.0|1.0|
515.0|41690.0|AK_45|AC_170|1145.0|2.0|400.0|1.0|0.0|0.0|0.0|0.0|0.0|10.0|0.0|10.0|20.0|2.0|0.0|1.0|71.0|0.0|
563.0|41690.0|AK_45|AC_170|1200.0|2.0|416.0|2.0|0.0|0.0|0.0|0.0|0.0|20.0|1.0|13.0|22.0|4.0|0.0|0.0|84.0|1.0|
541.0|41690.0|AK_45|AC_170|1215.0|2.0|442.0|2.0|1.0|1.0|0.0|0.0|0.0|7.0|0.0|7.0|13.0|4.0|0.0|1.0|61.0|2.0|
515.0|41690.0|AK_45|AC_170|1230.0|2.0|404.0|1.0|2.0|1.0|0.0|0.0|0.0|13.0|0.0|7.0|15.0|1.0|0.0|0.0|68.0|3.0|
433.0|41690.0|AK_45|AC_170|1245.0|2.0|326.0|1.0|0.0|0.0|0.0|0.0|0.0|9.0|1.0|7.0|12.0|8.0|0.0|0.0|68.0|1.0|
419.0|41690.0|AK_45|AC_170|1300.0|2.0|330.0|2.0|1.0|1.0|0.0|0.0|0.0|6.0|0.0|9.0|15.0|3.0|0.0|0.0|50.0|2.0|
475.0|41690.0|AK_45|AC_170|1315.0|2.0|390.0|2.0|0.0|0.0|0.0|0.0|0.0|15.0|0.0|7.0|12.0|3.0|0.0|2.0|44.0|0.0|
476.0|41690.0|AK_45|AC_170|1330.0|2.0|374.0|1.0|0.0|1.0|0.0|0.0|0.0|11.0|0.0|16.0|21.0|2.0|0.0|0.0|49.0|1.0|
503.0|41690.0|AK_45|AC_170|1345.0|2.0|388.0|0.0|1.0|0.0|0.0|0.0|0.0|17.0|0.0|12.0|22.0|3.0|0.0|0.0|56.0|4.0|
1020.0|41690.0|AK_45|AC_170|600.0|2B|678.0|0.0|0.0|0.0|0.0|37.0|9.0|150.0|2.0|8.0|31.0|5.0|0.0|6.0|94.0|0.0|
1137.0|41690.0|AK_45|AC_170|615.0|2B|724.0|0.0|0.0|0.0|0.0|33.0|7.0|175.0|0.0|11.0|39.0|1.0|0.0|1.0|146.0|0.0|
1217.0|41690.0|AK_45|AC_170|630.0|2B|700.0|0.0|0.0|0.0|0.0|50.0|7.0|231.0|0.0|6.0|22.0|1.0|0.0|0.0|200.0|0.0|
847.0|41690.0|AK_45|AC_170|645.0|2B|450.0|0.0|0.0|0.0|0.0|45.0|5.0|150.0|0.0|6.0|19.0|0.0|1.0|1.0|170.0|0.0|
751.0|41690.0|AK_45|AC_170|700.0|2B|400.0|0.0|0.0|1.0|0.0|64.0|10.0|100.0|0.0|4.0|21.0|0.0|0.0|0.0|147.0|4.0|
786.0|41690.0|AK_45|AC_170|715.0|2B|459.0|0.0|0.0|1.0|0.0|78.0|12.0|100.0|2.0|5.0|28.0|1.0|0.0|0.0|100.0|0.0|
590.0|41690.0|AK_45|AC_170|730.0|2B|339.0|0.0|0.0|0.0|0.0|55.0|11.0|37.0|0.0|10.0|19.0|0.0|0.0|0.0|118.0|1.0|
616.0|41690.0|AK_45|AC_170|745.0|2B|390.0|0.0|0.0|1.0|0.0|59.0|6.0|35.0|0.0|11.0|21.0|2.0|0.0|0.0|90.0|1.0|
547.0|41690.0|AK_45|AC_170|800.0|2B|330.0|0.0|0.0|0.0|0.0|61.0|7.0|16.0|0.0|7.0|29.0|1.0|0.0|0.0|96.0|0.0|
712.0|41690.0|AK_45|AC_170|815.0|2B|481.0|0.0|0.0|0.0|0.0|65.0|10.0|23.0|0.0|6.0|22.0|3.0|0.0|0.0|102.0|0.0|
770.0|41690.0|AK_45|AC_170|830.0|2B|500.0|0.0|0.0|3.0|0.0|78.0|12.0|25.0|3.0|11.0|20.0|6.0|0.0|0.0|111.0|1.0|
753.0|41690.0|AK_45|AC_170|845.0|2B|524.0|0.0|0.0|1.0|0.0|88.0|12.0|24.0|0.0|5.0|23.0|6.0|1.0|1.0|67.0|1.0|
639.0|41690.0|AK_45|AC_170|900.0|2B|445.0|0.0|0.0|1.0|0.0|76.0|9.0|10.0|0.0|3.0|18.0|3.0|2.0|1.0|71.0|0.0|
656.0|41690.0|AK_45|AC_170|915.0|2B|453.0|0.0|0.0|0.0|0.0|94.0|11.0|4.0|2.0|4.0|23.0|2.0|0.0|0.0|63.0|0.0|
635.0|41690.0|AK_45|AC_170|930.0|2B|488.0|0.0|1.0|0.0|0.0|36.0|6.0|8.0|0.0|9.0|15.0|1.0|0.0|0.0|71.0|0.0|
643.0|41690.0|AK_45|AC_170|945.0|2B|464.0|0.0|0.0|1.0|0.0|55.0|7.0|8.0|0.0|10.0|28.0|3.0|0.0|0.0|67.0|0.0|
541.0|41690.0|AK_45|AC_170|1000.0|2B|394.0|0.0|0.0|0.0|0.0|27.0|2.0|6.0|0.0|10.0|36.0|7.0|0.0|0.0|59.0|0.0|
605.0|41690.0|AK_45|AC_170|1015.0|2B|449.0|0.0|0.0|0.0|0.0|29.0|5.0|12.0|1.0|2.0|32.0|9.0|1.0|5.0|60.0|0.0|
678.0|41690.0|AK_45|AC_170|1030.0|2B|511.0|0.0|0.0|0.0|0.0|23.0|2.0|8.0|0.0|7.0|40.0|10.0|0.0|9.0|68.0|0.0|
646.0|41690.0|AK_45|AC_170|1045.0|2B|501.0|0.0|0.0|0.0|0.0|44.0|2.0|10.0|0.0|2.0|30.0|4.0|0.0|4.0|49.0|0.0|
722.0|41690.0|AK_45|AC_170|1100.0|2B|569.0|0.0|0.0|0.0|0.0|31.0|2.0|10.0|0.0|5.0|49.0|6.0|0.0|12.0|38.0|0.0|
616.0|41690.0|AK_45|AC_170|1115.0|2B|463.0|0.0|0.0|0.0|0.0|41.0|9.0|5.0|3.0|10.0|24.0|4.0|0.0|3.0|54.0|0.0|
619.0|41690.0|AK_45|AC_170|1130.0|2B|470.0|0.0|0.0|0.0|0.0|40.0|6.0|10.0|4.0|3.0|26.0|6.0|0.0|2.0|52.0|0.0|
497.0|41690.0|AK_45|AC_170|1145.0|2B|381.0|0.0|0.0|0.0|0.0|33.0|3.0|6.0|1.0|5.0|18.0|3.0|0.0|5.0|42.0|0.0|
507.0|41690.0|AK_45|AC_170|1200.0|2B|383.0|0.0|0.0|0.0|0.0|28.0|6.0|8.0|0.0|28.0|2.0|9.0|1.0|4.0|37.0|1.0|
503.0|41690.0|AK_45|AC_170|1215.0|2B|345.0|0.0|0.0|0.0|0.0|31.0|5.0|11.0|0.0|31.0|3.0|11.0|1.0|11.0|54.0|0.0|
642.0|41690.0|AK_45|AC_170|1230.0|2B|392.0|0.0|0.0|0.0|0.0|50.0|4.0|23.0|0.0|50.0|4.0|5.0|1.0|5.0|108.0|0.0|
542.0|41690.0|AK_45|AC_170|1245.0|2B|386.0|0.0|0.0|0.0|0.0|40.0|2.0|14.0|1.0|40.0|3.0|8.0|0.0|3.0|45.0|0.0|
538.0|41690.0|AK_45|AC_170|1300.0|2B|385.0|0.0|0.0|0.0|0.0|52.0|6.0|17.0|0.0|2.0|22.0|4.0|1.0|3.0|45.0|1.0|
786.0|41690.0|AK_45|AC_170|1315.0|2B|599.0|0.0|0.0|0.0|0.0|35.0|5.0|25.0|0.0|3.0|40.0|11.0|3.0|14.0|51.0|0.0|
839.0|41690.0|AK_45|AC_170|1330.0|2B|626.0|0.0|1.0|0.0|0.0|39.0|3.0|39.0|0.0|4.0|56.0|6.0|1.0|20.0|44.0|0.0|
932.0|41690.0|AK_45|AC_170|1345.0|2B|700.0|0.0|0.0|2.0|0.0|45.0|4.0|45.0|1.0|5.0|49.0|10.0|1.0|25.0|45.0|0.0|
691.0|41690.0|AK_45|AC_170|600.0|3.0|440.0|6.0|5.0|15.0|3.0|0.0|0.0|83.0|12.0|1.0|6.0|7.0|1.0|4.0|107.0|1.0|
799.0|41690.0|AK_45|AC_170|615.0|3.0|476.0|7.0|6.0|14.0|4.0|0.0|0.0|115.0|12.0|2.0|8.0|1.0|0.0|0.0|146.0|8.0|
748.0|41690.0|AK_45|AC_170|630.0|3.0|420.0|10.0|6.0|16.0|4.0|0.0|0.0|96.0|13.0|4.0|10.0|2.0|0.0|1.0|164.0|2.0|
501.0|41690.0|AK_45|AC_170|645.0|3.0|264.0|15.0|6.0|16.0|2.0|0.0|0.0|54.0|8.0|4.0|6.0|0.0|0.0|1.0|120.0|5.0|
413.0|41690.0|AK_45|AC_170|700.0|3.0|220.0|3.0|7.0|18.0|2.0|0.0|0.0|63.0|15.0|4.0|10.0|2.0|0.0|0.0|68.0|1.0|
505.0|41690.0|AK_45|AC_170|715.0|3.0|311.0|12.0|15.0|13.0|5.0|0.0|0.0|51.0|20.0|4.0|3.0|0.0|0.0|0.0|70.0|1.0|
557.0|41690.0|AK_45|AC_170|730.0|3.0|317.0|20.0|6.0|18.0|12.0|0.0|0.0|47.0|18.0|2.0|4.0|0.0|0.0|0.0|109.0|4.0|
641.0|41690.0|AK_45|AC_170|745.0|3.0|333.0|12.0|15.0|21.0|3.0|0.0|0.0|31.0|21.0|3.0|4.0|0.0|0.0|0.0|196.0|2.0|
545.0|41690.0|AK_45|AC_170|800.0|3.0|305.0|12.0|14.0|24.0|3.0|0.0|0.0|35.0|13.0|7.0|16.0|1.0|0.0|0.0|113.0|2.0|
560.0|41690.0|AK_45|AC_170|815.0|3.0|353.0|8.0|12.0|22.0|3.0|0.0|0.0|20.0|12.0|7.0|15.0|2.0|0.0|0.0|103.0|3.0|
687.0|41690.0|AK_45|AC_170|830.0|3.0|444.0|8.0|17.0|15.0|3.0|0.0|0.0|20.0|21.0|5.0|11.0|3.0|0.0|0.0|135.0|5.0|
660.0|41690.0|AK_45|AC_170|845.0|3.0|455.0|8.0|21.0|15.0|2.0|0.0|0.0|10.0|10.0|3.0|25.0|1.0|1.0|3.0|104.0|2.0|
652.0|41690.0|AK_45|AC_170|900.0|3.0|452.0|4.0|17.0|18.0|1.0|0.0|0.0|13.0|14.0|9.0|8.0|2.0|0.0|2.0|110.0|2.0|
589.0|41690.0|AK_45|AC_170|915.0|3.0|416.0|8.0|17.0|17.0|1.0|0.0|0.0|9.0|14.0|9.0|9.0|1.0|0.0|0.0|83.0|5.0|
507.0|41690.0|AK_45|AC_170|930.0|3.0|357.0|8.0|11.0|16.0|2.0|0.0|0.0|5.0|11.0|7.0|13.0|2.0|0.0|0.0|72.0|3.0|
624.0|41690.0|AK_45|AC_170|945.0|3.0|480.0|8.0|16.0|12.0|2.0|0.0|0.0|8.0|16.0|11.0|11.0|2.0|0.0|0.0|57.0|1.0|
660.0|41690.0|AK_45|AC_170|1000.0|3.0|462.0|12.0|11.0|23.0|1.0|0.0|0.0|12.0|23.0|10.0|17.0|4.0|0.0|0.0|83.0|2.0|
649.0|41690.0|AK_45|AC_170|1015.0|3.0|468.0|10.0|8.0|19.0|1.0|0.0|0.0|6.0|20.0|8.0|29.0|1.0|0.0|3.0|74.0|2.0|
686.0|41690.0|AK_45|AC_170|1030.0|3.0|499.0|9.0|11.0|20.0|1.0|0.0|0.0|11.0|18.0|10.0|18.0|6.0|0.0|1.0|81.0|1.0|
570.0|41690.0|AK_45|AC_170|1045.0|3.0|419.0|8.0|7.0|14.0|0.0|0.0|0.0|10.0|9.0|10.0|18.0|2.0|1.0|1.0|69.0|2.0|
564.0|41690.0|AK_45|AC_170|1100.0|3.0|397.0|9.0|5.0|14.0|1.0|0.0|0.0|8.0|14.0|6.0|12.0|6.0|2.0|1.0|87.0|2.0|
554.0|41690.0|AK_45|AC_170|1115.0|3.0|429.0|8.0|10.0|15.0|3.0|0.0|0.0|8.0|12.0|5.0|9.0|0.0|1.0|0.0|53.0|1.0|
497.0|41690.0|AK_45|AC_170|1130.0|3.0|357.0|7.0|8.0|11.0|1.0|0.0|0.0|13.0|14.0|5.0|22.0|1.0|0.0|2.0|55.0|1.0|
552.0|41690.0|AK_45|AC_170|1145.0|3.0|381.0|9.0|10.0|14.0|1.0|0.0|0.0|14.0|13.0|11.0|19.0|3.0|0.0|2.0|74.0|1.0|
529.0|41690.0|AK_45|AC_170|1200.0|3.0|355.0|7.0|5.0|10.0|21.0|0.0|0.0|16.0|10.0|6.0|27.0|2.0|2.0|4.0|64.0|0.0|
491.0|41690.0|AK_45|AC_170|1215.0|3.0|345.0|6.0|10.0|12.0|1.0|0.0|0.0|14.0|10.0|7.0|12.0|2.0|1.0|0.0|71.0|0.0|
519.0|41690.0|AK_45|AC_170|1230.0|3.0|372.0|6.0|10.0|13.0|2.0|0.0|0.0|24.0|10.0|3.0|8.0|0.0|0.0|0.0|69.0|2.0|
632.0|41690.0|AK_45|AC_170|1245.0|3.0|433.0|12.0|9.0|14.0|3.0|0.0|0.0|32.0|19.0|6.0|11.0|1.0|0.0|1.0|89.0|2.0|
542.0|41690.0|AK_45|AC_170|1300.0|3.0|371.0|8.0|9.0|9.0|1.0|0.0|0.0|26.0|20.0|9.0|8.0|4.0|0.0|0.0|76.0|1.0|
523.0|41690.0|AK_45|AC_170|1315.0|3.0|357.0|10.0|11.0|14.0|1.0|0.0|0.0|27.0|13.0|4.0|27.0|1.0|0.0|1.0|57.0|0.0|
555.0|41690.0|AK_45|AC_170|1330.0|3.0|364.0|8.0|15.0|21.0|3.0|0.0|0.0|33.0|18.0|1.0|14.0|5.0|1.0|2.0|69.0|1.0|
568.0|41690.0|AK_45|AC_170|1345.0|3.0|388.0|9.0|9.0|14.0|2.0|0.0|0.0|50.0|10.0|7.0|14.0|6.0|0.0|0.0|59.0|0.0|
616.0|41690.0|AK_45|AC_170|600.0|4.0|436.0|6.0|9.0|18.0|6.0|0.0|0.0|60.0|1.0|5.0|11.0|3.0|0.0|1.0|55.0|5.0|
541.0|41690.0|AK_45|AC_170|615.0|4.0|337.0|3.0|9.0|27.0|4.0|0.0|0.0|50.0|1.0|8.0|12.0|1.0|0.0|0.0|86.0|3.0|
554.0|41690.0|AK_45|AC_170|630.0|4.0|369.0|1.0|4.0|19.0|4.0|0.0|0.0|65.0|0.0|3.0|13.0|0.0|0.0|0.0|74.0|2.0|
534.0|41690.0|AK_45|AC_170|645.0|4.0|343.0|2.0|5.0|30.0|5.0|0.0|0.0|48.0|0.0|5.0|14.0|0.0|0.0|0.0|81.0|1.0|
416.0|41690.0|AK_45|AC_170|700.0|4.0|251.0|8.0|10.0|26.0|4.0|0.0|0.0|25.0|0.0|8.0|6.0|0.0|0.0|0.0|76.0|2.0|
452.0|41690.0|AK_45|AC_170|715.0|4.0|275.0|3.0|6.0|25.0|3.0|0.0|0.0|35.0|0.0|0.0|9.0|0.0|0.0|0.0|95.0|1.0|
404.0|41690.0|AK_45|AC_170|730.0|4.0|246.0|3.0|9.0|39.0|5.0|0.0|0.0|26.0|0.0|6.0|9.0|0.0|0.0|0.0|61.0|0.0|
433.0|41690.0|AK_45|AC_170|745.0|4.0|286.0|0.0|13.0|26.0|5.0|0.0|0.0|19.0|0.0|8.0|8.0|1.0|0.0|0.0|67.0|0.0|
324.0|41690.0|AK_45|AC_170|800.0|4.0|196.0|3.0|5.0|23.0|7.0|0.0|0.0|16.0|0.0|5.0|13.0|2.0|0.0|0.0|54.0|0.0|
386.0|41690.0|AK_45|AC_170|815.0|4.0|246.0|6.0|4.0|24.0|6.0|0.0|0.0|27.0|1.0|6.0|12.0|4.0|0.0|0.0|49.0|1.0|
368.0|41690.0|AK_45|AC_170|830.0|4.0|242.0|4.0|9.0|19.0|3.0|0.0|0.0|26.0|0.0|4.0|14.0|2.0|0.0|0.0|44.0|1.0|
418.0|41690.0|AK_45|AC_170|845.0|4.0|281.0|3.0|7.0|31.0|2.0|0.0|0.0|24.0|1.0|3.0|12.0|3.0|0.0|0.0|51.0|0.0|
387.0|41690.0|AK_45|AC_170|900.0|4.0|245.0|2.0|17.0|30.0|5.0|0.0|0.0|19.0|1.0|15.0|21.0|1.0|0.0|0.0|31.0|0.0|
351.0|41690.0|AK_45|AC_170|915.0|4.0|239.0|3.0|7.0|20.0|2.0|0.0|0.0|15.0|0.0|6.0|12.0|1.0|0.0|0.0|46.0|0.0|
340.0|41690.0|AK_45|AC_170|930.0|4.0|237.0|3.0|11.0|20.0|3.0|0.0|0.0|8.0|0.0|5.0|14.0|0.0|0.0|0.0|39.0|0.0|
369.0|41690.0|AK_45|AC_170|945.0|4.0|254.0|4.0|5.0|25.0|4.0|0.0|0.0|7.0|0.0|8.0|12.0|3.0|0.0|0.0|47.0|0.0|
444.0|41690.0|AK_45|AC_170|1000.0|4.0|308.0|2.0|3.0|21.0|3.0|0.0|0.0|7.0|1.0|5.0|20.0|8.0|0.0|0.0|65.0|1.0|
477.0|41690.0|AK_45|AC_170|1015.0|4.0|332.0|4.0|6.0|28.0|2.0|0.0|0.0|10.0|0.0|15.0|19.0|1.0|0.0|0.0|60.0|0.0|
469.0|41690.0|AK_45|AC_170|1030.0|4.0|341.0|5.0|6.0|21.0|1.0|0.0|0.0|5.0|1.0|13.0|25.0|1.0|1.0|0.0|49.0|0.0|
407.0|41690.0|AK_45|AC_170|1045.0|4.0|292.0|5.0|6.0|12.0|3.0|0.0|0.0|1.0|1.0|14.0|13.0|3.0|0.0|0.0|56.0|1.0|
398.0|41690.0|AK_45|AC_170|1100.0|4.0|264.0|2.0|5.0|22.0|4.0|0.0|0.0|7.0|0.0|4.0|21.0|4.0|1.0|0.0|64.0|0.0|
487.0|41690.0|AK_45|AC_170|1115.0|4.0|362.0|4.0|5.0|22.0|2.0|0.0|0.0|8.0|0.0|12.0|12.0|2.0|0.0|0.0|58.0|0.0|
542.0|41690.0|AK_45|AC_170|1130.0|4.0|401.0|6.0|5.0|32.0|2.0|0.0|0.0|10.0|0.0|8.0|17.0|2.0|1.0|1.0|57.0|0.0|
476.0|41690.0|AK_45|AC_170|1145.0|4.0|331.0|3.0|8.0|32.0|5.0|0.0|0.0|8.0|0.0|8.0|17.0|6.0|0.0|0.0|58.0|0.0|
450.0|41690.0|AK_45|AC_170|1200.0|4.0|326.0|2.0|5.0|21.0|2.0|0.0|0.0|6.0|1.0|4.0|15.0|2.0|0.0|0.0|66.0|0.0|
444.0|41690.0|AK_45|AC_170|1215.0|4.0|311.0|1.0|7.0|16.0|3.0|0.0|0.0|3.0|1.0|7.0|18.0|3.0|0.0|0.0|74.0|0.0|
444.0|41690.0|AK_45|AC_170|1230.0|4.0|306.0|5.0|12.0|21.0|3.0|0.0|0.0|15.0|0.0|12.0|16.0|0.0|1.0|0.0|52.0|1.0|
455.0|41690.0|AK_45|AC_170|1245.0|4.0|342.0|1.0|7.0|17.0|1.0|0.0|0.0|13.0|0.0|7.0|16.0|5.0|0.0|0.0|46.0|0.0|
487.0|41690.0|AK_45|AC_170|1300.0|4.0|339.0|5.0|7.0|27.0|3.0|0.0|0.0|24.0|1.0|4.0|20.0|2.0|0.0|0.0|55.0|0.0|
480.0|41690.0|AK_45|AC_170|1315.0|4.0|336.0|2.0|8.0|16.0|3.0|0.0|0.0|20.0|0.0|14.0|10.0|2.0|0.0|1.0|68.0|0.0|
524.0|41690.0|AK_45|AC_170|1330.0|4.0|382.0|7.0|7.0|28.0|1.0|0.0|0.0|32.0|1.0|0.0|14.0|6.0|0.0|2.0|44.0|0.0|
492.0|41690.0|AK_45|AC_170|1345.0|4.0|358.0|1.0|10.0|20.0|5.0|0.0|0.0|41.0|0.0|0.0|10.0|5.0|0.0|0.0|41.0|1.0|
1342.0|41690.0|AK_45|AC_170|1400.0|1.0|1008.0|2.0|5.0|12.0|7.0|47.0|4.0|58.0|10.0|10.0|52.0|12.0|1.0|8.0|106.0|0.0|
1374.0|41690.0|AK_45|AC_170|1415.0|1.0|1055.0|2.0|3.0|11.0|5.0|34.0|4.0|44.0|9.0|10.0|63.0|18.0|8.0|7.0|101.0|0.0|
1238.0|41690.0|AK_45|AC_170|1430.0|1.0|912.0|4.0|6.0|10.0|5.0|27.0|5.0|61.0|12.0|14.0|70.0|12.0|6.0|7.0|87.0|0.0|
1189.0|41690.0|AK_45|AC_170|1445.0|1.0|846.0|5.0|11.0|14.0|5.0|51.0|6.0|107.0|15.0|3.0|19.0|10.0|2.0|10.0|85.0|0.0|
1279.0|41690.0|AK_45|AC_170|1500.0|1.0|840.0|3.0|9.0|4.0|4.0|35.0|3.0|172.0|6.0|4.0|64.0|7.0|1.0|2.0|125.0|0.0|
1521.0|41690.0|AK_45|AC_170|1515.0|1.0|964.0|4.0|2.0|8.0|5.0|27.0|5.0|313.0|8.0|15.0|58.0|11.0|1.0|8.0|92.0|0.0|
1506.0|41690.0|AK_45|AC_170|1530.0|1.0|927.0|5.0|9.0|9.0|3.0|40.0|5.0|289.0|10.0|5.0|62.0|18.0|4.0|4.0|114.0|2.0|
1621.0|41690.0|AK_45|AC_170|1545.0|1.0|924.0|3.0|3.0|13.0|4.0|34.0|5.0|402.0|14.0|11.0|54.0|11.0|5.0|5.0|133.0|0.0|
1586.0|41690.0|AK_45|AC_170|1600.0|1.0|969.0|2.0|4.0|11.0|6.0|36.0|3.0|319.0|6.0|12.0|48.0|8.0|4.0|5.0|153.0|0.0|
1430.0|41690.0|AK_45|AC_170|1615.0|1.0|849.0|3.0|4.0|19.0|4.0|43.0|45.0|198.0|16.0|11.0|82.0|5.0|4.0|5.0|141.0|1.0|
1331.0|41690.0|AK_45|AC_170|1630.0|1.0|888.0|2.0|9.0|21.0|7.0|57.0|5.0|127.0|9.0|9.0|53.0|7.0|3.0|3.0|130.0|1.0|
1344.0|41690.0|AK_45|AC_170|1645.0|1.0|858.0|4.0|1.0|25.0|13.0|57.0|4.0|123.0|17.0|11.0|63.0|10.0|2.0|1.0|155.0|0.0|
1615.0|41690.0|AK_45|AC_170|1700.0|1.0|868.0|3.0|5.0|18.0|11.0|49.0|6.0|63.0|14.0|14.0|69.0|4.0|1.0|0.0|488.0|2.0|
1826.0|41690.0|AK_45|AC_170|1715.0|1.0|1152.0|3.0|4.0|14.0|10.0|47.0|8.0|147.0|13.0|15.0|63.0|3.0|0.0|0.0|347.0|0.0|
1504.0|41690.0|AK_45|AC_170|1730.0|1.0|971.0|2.0|16.0|19.0|5.0|52.0|9.0|118.0|14.0|3.0|28.0|1.0|0.0|0.0|265.0|1.0|
1484.0|41690.0|AK_45|AC_170|1745.0|1.0|964.0|4.0|14.0|19.0|7.0|36.0|8.0|144.0|19.0|7.0|54.0|1.0|1.0|0.0|205.0|1.0|
1350.0|41690.0|AK_45|AC_170|1800.0|1.0|943.0|3.0|2.0|11.0|6.0|40.0|4.0|110.0|8.0|7.0|45.0|2.0|0.0|0.0|159.0|10.0|
1452.0|41690.0|AK_45|AC_170|1815.0|1.0|990.0|5.0|6.0|15.0|6.0|46.0|11.0|103.0|28.0|8.0|80.0|1.0|1.0|0.0|151.0|1.0|
1371.0|41690.0|AK_45|AC_170|1830.0|1.0|967.0|4.0|9.0|14.0|4.0|39.0|8.0|75.0|24.0|12.0|41.0|0.0|0.0|1.0|173.0|0.0|
1199.0|41690.0|AK_45|AC_170|1845.0|1.0|914.0|3.0|6.0|14.0|9.0|30.0|6.0|44.0|14.0|10.0|60.0|1.0|0.0|0.0|86.0|2.0|
917.0|41690.0|AK_45|AC_170|1900.0|1.0|693.0|4.0|7.0|10.0|11.0|28.0|6.0|20.0|16.0|5.0|31.0|1.0|0.0|0.0|85.0|0.0|
969.0|41690.0|AK_45|AC_170|1915.0|1.0|736.0|3.0|6.0|9.0|6.0|34.0|7.0|19.0|10.0|3.0|41.0|3.0|5.0|5.0|80.0|2.0|
1396.0|41690.0|AK_45|AC_170|1930.0|1.0|1153.0|1.0|5.0|11.0|10.0|38.0|10.0|24.0|8.0|1.0|20.0|11.0|12.0|22.0|70.0|0.0|
1392.0|41690.0|AK_45|AC_170|1945.0|1.0|1192.0|2.0|5.0|11.0|8.0|29.0|7.0|16.0|18.0|7.0|22.0|7.0|5.0|11.0|51.0|1.0|
867.0|41690.0|AK_45|AC_170|2000.0|1.0|694.0|4.0|4.0|9.0|7.0|31.0|9.0|7.0|14.0|4.0|28.0|2.0|4.0|8.0|42.0|0.0|
873.0|41690.0|AK_45|AC_170|2015.0|1.0|673.0|1.0|7.0|14.0|12.0|26.0|9.0|14.0|11.0|7.0|34.0|3.0|1.0|9.0|51.0|1.0|
833.0|41690.0|AK_45|AC_170|2030.0|1.0|627.0|1.0|9.0|10.0|7.0|33.0|10.0|13.0|11.0|9.0|21.0|3.0|2.0|11.0|66.0|0.0|
835.0|41690.0|AK_45|AC_170|2045.0|1.0|651.0|1.0|5.0|12.0|6.0|31.0|10.0|8.0|8.0|3.0|36.0|2.0|1.0|4.0|57.0|0.0|
872.0|41690.0|AK_45|AC_170|2100.0|1.0|643.0|1.0|8.0|8.0|5.0|40.0|11.0|9.0|9.0|2.0|23.0|3.0|55.0|5.0|50.0|0.0|
833.0|41690.0|AK_45|AC_170|2115.0|1.0|645.0|4.0|14.0|9.0|7.0|36.0|11.0|11.0|5.0|1.0|15.0|5.0|2.0|5.0|57.0|6.0|
651.0|41690.0|AK_45|AC_170|2130.0|1.0|487.0|1.0|6.0|6.0|7.0|40.0|10.0|6.0|5.0|4.0|27.0|1.0|3.0|7.0|38.0|3.0|
644.0|41690.0|AK_45|AC_170|2145.0|1.0|514.0|1.0|5.0|7.0|4.0|37.0|4.0|2.0|5.0|1.0|28.0|6.0|2.0|4.0|24.0|0.0|
595.0|41690.0|AK_45|AC_170|1400.0|2.0|497.0|2.0|0.0|0.0|0.0|0.0|0.0|20.0|0.0|7.0|9.0|1.0|1.0|0.0|57.0|1.0|
525.0|41690.0|AK_45|AC_170|1415.0|2.0|436.0|2.0|0.0|0.0|0.0|0.0|0.0|24.0|0.0|5.0|12.0|0.0|0.0|0.0|46.0|0.0|
601.0|41690.0|AK_45|AC_170|1430.0|2.0|491.0|3.0|1.0|1.0|0.0|0.0|0.0|25.0|0.0|6.0|16.0|4.0|1.0|1.0|52.0|0.0|
531.0|41690.0|AK_45|AC_170|1445.0|2.0|418.0|1.0|0.0|0.0|0.0|0.0|0.0|13.0|0.0|3.0|19.0|2.0|0.0|1.0|74.0|0.0|
487.0|41690.0|AK_45|AC_170|1500.0|2.0|391.0|2.0|1.0|1.0|0.0|0.0|0.0|13.0|0.0|7.0|15.0|4.0|0.0|0.0|52.0|1.0|
544.0|41690.0|AK_45|AC_170|1515.0|2.0|430.0|1.0|1.0|1.0|0.0|0.0|0.0|12.0|0.0|8.0|17.0|1.0|0.0|0.0|70.0|3.0|
627.0|41690.0|AK_45|AC_170|1530.0|2.0|503.0|2.0|0.0|1.0|0.0|0.0|0.0|20.0|0.0|4.0|11.0|5.0|0.0|0.0|80.0|1.0|
580.0|41690.0|AK_45|AC_170|1545.0|2.0|454.0|2.0|0.0|0.0|0.0|0.0|0.0|26.0|0.0|8.0|13.0|4.0|0.0|1.0|71.0|1.0|
529.0|41690.0|AK_45|AC_170|1600.0|2.0|387.0|2.0|3.0|1.0|0.0|0.0|0.0|23.0|0.0|9.0|9.0|4.0|1.0|1.0|88.0|1.0|
545.0|41690.0|AK_45|AC_170|1615.0|2.0|407.0|1.0|0.0|1.0|0.0|0.0|0.0|22.0|0.0|8.0|18.0|5.0|1.0|0.0|80.0|2.0|
657.0|41690.0|AK_45|AC_170|1630.0|2.0|425.0|2.0|1.0|0.0|0.0|0.0|0.0|29.0|0.0|10.0|110.0|1.0|0.0|0.0|77.0|2.0|
537.0|41690.0|AK_45|AC_170|1645.0|2.0|421.0|1.0|1.0|0.0|0.0|0.0|0.0|32.0|0.0|2.0|16.0|1.0|0.0|0.0|62.0|1.0|
509.0|41690.0|AK_45|AC_170|1700.0|2.0|377.0|1.0|1.0|0.0|0.0|0.0|0.0|23.0|0.0|7.0|11.0|0.0|0.0|0.0|89.0|0.0|
520.0|41690.0|AK_45|AC_170|1715.0|2.0|398.0|2.0|1.0|1.0|0.0|0.0|0.0|25.0|0.0|2.0|5.0|0.0|0.0|0.0|86.0|0.0|
608.0|41690.0|AK_45|AC_170|1730.0|2.0|470.0|1.0|1.0|1.0|0.0|0.0|0.0|10.0|0.0|2.0|7.0|0.0|0.0|0.0|116.0|0.0|
640.0|41690.0|AK_45|AC_170|1745.0|2.0|493.0|2.0|0.0|0.0|0.0|0.0|0.0|27.0|0.0|4.0|6.0|0.0|0.0|0.0|106.0|2.0|
549.0|41690.0|AK_45|AC_170|1800.0|2.0|424.0|0.0|1.0|0.0|0.0|0.0|0.0|14.0|0.0|2.0|4.0|0.0|0.0|0.0|99.0|5.0|
552.0|41690.0|AK_45|AC_170|1815.0|2.0|462.0|2.0|1.0|0.0|0.0|0.0|0.0|12.0|0.0|1.0|6.0|0.0|0.0|0.0|67.0|1.0|
589.0|41690.0|AK_45|AC_170|1830.0|2.0|487.0|2.0|2.0|0.0|0.0|0.0|0.0|7.0|0.0|2.0|4.0|0.0|0.0|0.0|83.0|2.0|
489.0|41690.0|AK_45|AC_170|1845.0|2.0|411.0|2.0|0.0|0.0|0.0|0.0|0.0|8.0|0.0|1.0|3.0|0.0|0.0|0.0|63.0|1.0|
523.0|41690.0|AK_45|AC_170|1900.0|2.0|439.0|2.0|0.0|0.0|0.0|0.0|0.0|16.0|0.0|0.0|6.0|0.0|0.0|0.0|59.0|1.0|
549.0|41690.0|AK_45|AC_170|1915.0|2.0|470.0|1.0|0.0|2.0|0.0|0.0|0.0|10.0|1.0|1.0|3.0|0.0|0.0|1.0|60.0|0.0|
422.0|41690.0|AK_45|AC_170|1930.0|2.0|364.0|1.0|1.0|0.0|0.0|0.0|0.0|3.0|0.0|2.0|2.0|0.0|0.0|0.0|49.0|0.0|
491.0|41690.0|AK_45|AC_170|1945.0|2.0|444.0|0.0|0.0|0.0|0.0|0.0|0.0|2.0|0.0|0.0|6.0|3.0|0.0|0.0|36.0|0.0|
528.0|41690.0|AK_45|AC_170|2000.0|2.0|475.0|0.0|4.0|0.0|0.0|0.0|0.0|3.0|0.0|0.0|1.0|1.0|0.0|0.0|43.0|1.0|
533.0|41690.0|AK_45|AC_170|2015.0|2.0|486.0|3.0|3.0|0.0|0.0|0.0|0.0|5.0|0.0|1.0|0.0|0.0|0.0|0.0|33.0|2.0|
605.0|41690.0|AK_45|AC_170|2030.0|2.0|561.0|1.0|1.0|2.0|0.0|0.0|0.0|4.0|1.0|0.0|1.0|0.0|0.0|0.0|34.0|0.0|
534.0|41690.0|AK_45|AC_170|2045.0|2.0|495.0|0.0|2.0|2.0|0.0|0.0|0.0|5.0|0.0|0.0|0.0|3.0|0.0|0.0|24.0|3.0|
472.0|41690.0|AK_45|AC_170|2100.0|2.0|409.0|1.0|1.0|1.0|0.0|0.0|0.0|8.0|0.0|1.0|2.0|0.0|0.0|0.0|48.0|1.0|
392.0|41690.0|AK_45|AC_170|2115.0|2.0|346.0|0.0|2.0|0.0|0.0|0.0|0.0|4.0|0.0|0.0|0.0|0.0|0.0|0.0|38.0|2.0|
419.0|41690.0|AK_45|AC_170|2130.0|2.0|381.0|0.0|0.0|2.0|0.0|0.0|0.0|4.0|0.0|0.0|0.0|0.0|0.0|0.0|29.0|3.0|
425.0|41690.0|AK_45|AC_170|2145.0|2.0|396.0|1.0|2.0|0.0|0.0|0.0|0.0|0.0|0.0|0.0|0.0|0.0|0.0|0.0|26.0|0.0|
663.0|41690.0|AK_45|AC_170|1400.0|2B|492.0|0.0|0.0|0.0|0.0|39.0|6.0|48.0|1.0|8.0|34.0|8.0|2.0|1.0|24.0|0.0|
638.0|41690.0|AK_45|AC_170|1415.0|2B|489.0|0.0|0.0|0.0|0.0|40.0|4.0|32.0|0.0|3.0|28.0|6.0|2.0|10.0|24.0|0.0|
724.0|41690.0|AK_45|AC_170|1430.0|2B|544.0|0.0|0.0|0.0|0.0|40.0|4.0|31.0|0.0|9.0|34.0|7.0|3.0|8.0|44.0|0.0|
1056.0|41690.0|AK_45|AC_170|1445.0|2B|855.0|0.0|0.0|0.0|0.0|38.0|4.0|33.0|1.0|9.0|22.0|6.0|2.0|7.0|79.0|0.0|
962.0|41690.0|AK_45|AC_170|1500.0|2B|726.0|0.0|0.0|0.0|0.0|36.0|7.0|34.0|0.0|10.0|59.0|11.0|3.0|7.0|69.0|0.0|
814.0|41690.0|AK_45|AC_170|1515.0|2B|569.0|0.0|0.0|1.0|0.0|52.0|4.0|37.0|0.0|15.0|41.0|10.0|3.0|10.0|72.0|0.0|
742.0|41690.0|AK_45|AC_170|1530.0|2B|522.0|0.0|0.0|0.0|0.0|42.0|6.0|42.0|2.0|15.0|35.0|11.0|2.0|12.0|53.0|0.0|
813.0|41690.0|AK_45|AC_170|1545.0|2B|553.0|0.0|0.0|0.0|0.0|44.0|7.0|53.0|0.0|9.0|47.0|5.0|3.0|7.0|85.0|0.0|
713.0|41690.0|AK_45|AC_170|1600.0|2B|498.0|0.0|0.0|0.0|0.0|54.0|6.0|35.0|0.0|8.0|31.0|10.0|3.0|5.0|63.0|0.0|
920.0|41690.0|AK_45|AC_170|1615.0|2B|696.0|0.0|1.0|1.0|0.0|47.0|6.0|47.0|0.0|11.0|28.0|6.0|3.0|7.0|67.0|0.0|
689.0|41690.0|AK_45|AC_170|1630.0|2B|459.0|0.0|0.0|0.0|0.0|58.0|5.0|62.0|0.0|3.0|24.0|8.0|1.0|3.0|66.0|0.0|
802.0|41690.0|AK_45|AC_170|1645.0|2B|553.0|0.0|0.0|0.0|0.0|51.0|8.0|59.0|0.0|13.0|32.0|5.0|2.0|5.0|74.0|0.0|
841.0|41690.0|AK_45|AC_170|1700.0|2B|605.0|0.0|0.0|0.0|0.0|52.0|6.0|63.0|1.0|4.0|30.0|6.0|2.0|0.0|72.0|0.0|
782.0|41690.0|AK_45|AC_170|1715.0|2B|563.0|0.0|1.0|0.0|0.0|60.0|12.0|40.0|0.0|5.0|20.0|2.0|0.0|0.0|79.0|0.0|
805.0|41690.0|AK_45|AC_170|1730.0|2B|596.0|0.0|0.0|0.0|0.0|47.0|7.0|43.0|0.0|9.0|22.0|0.0|0.0|0.0|81.0|0.0|
916.0|41690.0|AK_45|AC_170|1745.0|2B|700.0|0.0|0.0|0.0|0.0|55.0|13.0|23.0|1.0|6.0|11.0|3.0|0.0|0.0|104.0|0.0|
824.0|41690.0|AK_45|AC_170|1800.0|2B|622.0|0.0|0.0|0.0|0.0|56.0|11.0|24.0|0.0|6.0|11.0|3.0|1.0|0.0|90.0|0.0|
721.0|41690.0|AK_45|AC_170|1815.0|2B|536.0|0.0|0.0|0.0|0.0|38.0|7.0|24.0|0.0|3.0|15.0|2.0|0.0|0.0|96.0|0.0|
739.0|41690.0|AK_45|AC_170|1830.0|2B|543.0|0.0|0.0|0.0|0.0|45.0|9.0|20.0|1.0|1.0|11.0|1.0|0.0|1.0|107.0|0.0|
805.0|41690.0|AK_45|AC_170|1845.0|2B|604.0|0.0|1.0|0.0|0.0|47.0|9.0|20.0|3.0|2.0|13.0|1.0|0.0|0.0|105.0|0.0|
857.0|41690.0|AK_45|AC_170|1900.0|2B|658.0|0.0|2.0|0.0|0.0|47.0|8.0|14.0|7.0|6.0|27.0|1.0|0.0|0.0|87.0|0.0|
825.0|41690.0|AK_45|AC_170|1915.0|2B|660.0|0.0|0.0|0.0|0.0|58.0|12.0|17.0|4.0|3.0|12.0|0.0|0.0|0.0|59.0|0.0|
840.0|41690.0|AK_45|AC_170|1930.0|2B|703.0|0.0|0.0|0.0|0.0|38.0|8.0|11.0|1.0|5.0|13.0|0.0|1.0|1.0|59.0|0.0|
795.0|41690.0|AK_45|AC_170|1945.0|2B|674.0|0.0|0.0|0.0|0.0|34.0|9.0|8.0|0.0|2.0|10.0|6.0|2.0|2.0|48.0|0.0|
819.0|41690.0|AK_45|AC_170|2000.0|2B|687.0|0.0|0.0|0.0|0.0|35.0|13.0|9.0|2.0|1.0|14.0|0.0|1.0|1.0|56.0|0.0|
811.0|41690.0|AK_45|AC_170|2015.0|2B|648.0|2.0|0.0|0.0|0.0|37.0|8.0|8.0|3.0|4.0|18.0|3.0|7.0|12.0|61.0|0.0|
695.0|41690.0|AK_45|AC_170|2030.0|2B|574.0|0.0|1.0|1.0|0.0|43.0|12.0|3.0|1.0|2.0|12.0|2.0|0.0|6.0|38.0|0.0|
773.0|41690.0|AK_45|AC_170|2045.0|2B|620.0|0.0|0.0|0.0|0.0|38.0|9.0|8.0|3.0|2.0|18.0|3.0|4.0|13.0|55.0|0.0|
741.0|41690.0|AK_45|AC_170|2100.0|2B|591.0|0.0|0.0|0.0|0.0|50.0|8.0|4.0|4.0|1.0|8.0|0.0|3.0|2.0|70.0|0.0|
677.0|41690.0|AK_45|AC_170|2115.0|2B|553.0|0.0|1.0|0.0|0.0|41.0|10.0|4.0|2.0|2.0|11.0|3.0|2.0|9.0|39.0|0.0|
544.0|41690.0|AK_45|AC_170|2130.0|2B|430.0|0.0|1.0|0.0|0.0|44.0|9.0|5.0|0.0|1.0|7.0|0.0|1.0|2.0|44.0|0.0|
498.0|41690.0|AK_45|AC_170|2145.0|2B|384.0|0.0|0.0|0.0|0.0|44.0|9.0|3.0|0.0|1.0|11.0|0.0|0.0|2.0|44.0|0.0|
563.0|41690.0|AK_45|AC_170|1400.0|3.0|389.0|9.0|8.0|11.0|1.0|0.0|0.0|51.0|7.0|15.0|20.0|4.0|0.0|1.0|46.0|1.0|
562.0|41690.0|AK_45|AC_170|1415.0|3.0|385.0|8.0|13.0|13.0|2.0|0.0|0.0|54.0|7.0|8.0|9.0|3.0|0.0|3.0|57.0|0.0|
604.0|41690.0|AK_45|AC_170|1430.0|3.0|409.0|5.0|7.0|20.0|3.0|0.0|0.0|50.0|9.0|11.0|16.0|2.0|1.0|1.0|70.0|0.0|
535.0|41690.0|AK_45|AC_170|1445.0|3.0|357.0|8.0|7.0|14.0|3.0|0.0|0.0|42.0|12.0|12.0|9.0|5.0|0.0|0.0|66.0|0.0|
489.0|41690.0|AK_45|AC_170|1500.0|3.0|321.0|9.0|11.0|15.0|1.0|0.0|0.0|45.0|11.0|10.0|20.0|1.0|1.0|2.0|42.0|0.0|
531.0|41690.0|AK_45|AC_170|1515.0|3.0|347.0|7.0|14.0|11.0|2.0|0.0|0.0|37.0|14.0|3.0|22.0|5.0|1.0|3.0|64.0|1.0|
520.0|41690.0|AK_45|AC_170|1530.0|3.0|323.0|9.0|8.0|15.0|3.0|0.0|0.0|42.0|18.0|9.0|14.0|2.0|2.0|4.0|70.0|1.0|
508.0|41690.0|AK_45|AC_170|1545.0|3.0|328.0|6.0|13.0|13.0|1.0|0.0|0.0|45.0|12.0|9.0|16.0|1.0|0.0|2.0|62.0|0.0|
476.0|41690.0|AK_45|AC_170|1600.0|3.0|307.0|11.0|7.0|4.0|2.0|0.0|0.0|43.0|13.0|3.0|14.0|3.0|0.0|4.0|65.0|0.0|
523.0|41690.0|AK_45|AC_170|1615.0|3.0|318.0|6.0|11.0|15.0|1.0|0.0|0.0|46.0|11.0|6.0|18.0|4.0|0.0|2.0|84.0|1.0|
542.0|41690.0|AK_45|AC_170|1630.0|3.0|299.0|9.0|15.0|10.0|2.0|0.0|0.0|62.0|13.0|14.0|19.0|5.0|7.0|5.0|81.0|1.0|
550.0|41690.0|AK_45|AC_170|1645.0|3.0|318.0|8.0|22.0|4.0|2.0|0.0|0.0|66.0|16.0|7.0|20.0|3.0|1.0|3.0|77.0|3.0|
573.0|41690.0|AK_45|AC_170|1700.0|3.0|342.0|8.0|27.0|1.0|2.0|0.0|0.0|61.0|12.0|2.0|25.0|7.0|2.0|4.0|79.0|1.0|
640.0|41690.0|AK_45|AC_170|1715.0|3.0|420.0|7.0|24.0|3.0|2.0|0.0|0.0|47.0|15.0|5.0|16.0|3.0|1.0|2.0|94.0|1.0|
555.0|41690.0|AK_45|AC_170|1730.0|3.0|347.0|8.0|20.0|4.0|4.0|0.0|0.0|39.0|14.0|4.0|18.0|2.0|0.0|0.0|94.0|1.0|
566.0|41690.0|AK_45|AC_170|1745.0|3.0|386.0|10.0|17.0|1.0|5.0|0.0|0.0|33.0|11.0|5.0|18.0|1.0|0.0|0.0|79.0|0.0|
510.0|41690.0|AK_45|AC_170|1800.0|3.0|357.0|7.0|18.0|4.0|1.0|0.0|0.0|25.0|11.0|1.0|6.0|0.0|0.0|0.0|79.0|1.0|
507.0|41690.0|AK_45|AC_170|1815.0|3.0|385.0|8.0|15.0|2.0|4.0|0.0|0.0|27.0|10.0|2.0|1.0|2.0|0.0|0.0|49.0|2.0|
514.0|41690.0|AK_45|AC_170|1830.0|3.0|361.0|8.0|22.0|3.0|2.0|0.0|0.0|32.0|13.0|4.0|11.0|1.0|1.0|0.0|56.0|0.0|
509.0|41690.0|AK_45|AC_170|1845.0|3.0|371.0|10.0|16.0|1.0|4.0|0.0|0.0|25.0|11.0|2.0|11.0|1.0|0.0|2.0|54.0|1.0|
418.0|41690.0|AK_45|AC_170|1900.0|3.0|297.0|7.0|13.0|4.0|3.0|0.0|0.0|26.0|9.0|4.0|9.0|0.0|0.0|0.0|46.0|0.0|
465.0|41690.0|AK_45|AC_170|1915.0|3.0|342.0|8.0|13.0|2.0|4.0|0.0|0.0|19.0|13.0|3.0|12.0|0.0|0.0|0.0|49.0|0.0|
454.0|41690.0|AK_45|AC_170|1930.0|3.0|336.0|9.0|27.0|3.0|3.0|0.0|0.0|18.0|10.0|1.0|7.0|0.0|1.0|0.0|38.0|1.0|
465.0|41690.0|AK_45|AC_170|1945.0|3.0|353.0|8.0|24.0|3.0|2.0|0.0|0.0|15.0|12.0|1.0|6.0|1.0|0.0|2.0|38.0|0.0|
469.0|41690.0|AK_45|AC_170|2000.0|3.0|355.0|5.0|19.0|1.0|3.0|0.0|0.0|11.0|9.0|2.0|15.0|4.0|0.0|5.0|40.0|0.0|
468.0|41690.0|AK_45|AC_170|2015.0|3.0|371.0|7.0|18.0|1.0|2.0|0.0|0.0|8.0|6.0|1.0|3.0|0.0|2.0|4.0|45.0|0.0|
456.0|41690.0|AK_45|AC_170|2030.0|3.0|363.0|8.0|11.0|3.0|2.0|0.0|0.0|9.0|7.0|2.0|5.0|2.0|0.0|1.0|43.0|0.0|
455.0|41690.0|AK_45|AC_170|2045.0|3.0|359.0|6.0|23.0|3.0|3.0|0.0|0.0|7.0|11.0|1.0|5.0|1.0|0.0|0.0|36.0|0.0|
444.0|41690.0|AK_45|AC_170|2100.0|3.0|347.0|5.0|18.0|5.0|1.0|0.0|0.0|6.0|4.0|2.0|5.0|0.0|0.0|2.0|48.0|1.0|
411.0|41690.0|AK_45|AC_170|2115.0|3.0|321.0|6.0|17.0|0.0|3.0|0.0|0.0|4.0|5.0|1.0|1.0|0.0|0.0|2.0|50.0|1.0|
387.0|41690.0|AK_45|AC_170|2130.0|3.0|311.0|6.0|10.0|0.0|1.0|0.0|0.0|3.0|5.0|0.0|2.0|0.0|0.0|1.0|48.0|0.0|
410.0|41690.0|AK_45|AC_170|2145.0|3.0|317.0|4.0|12.0|2.0|2.0|0.0|0.0|6.0|7.0|0.0|4.0|1.0|0.0|1.0|54.0|0.0|
652.0|41690.0|AK_45|AC_170|1400.0|4.0|478.0|4.0|8.0|19.0|1.0|0.0|0.0|38.0|1.0|11.0|26.0|3.0|1.0|0.0|62.0|0.0|
612.0|41690.0|AK_45|AC_170|1415.0|4.0|427.0|2.0|3.0|25.0|3.0|0.0|0.0|38.0|0.0|12.0|23.0|3.0|0.0|1.0|75.0|0.0|
629.0|41690.0|AK_45|AC_170|1430.0|4.0|445.0|4.0|7.0|20.0|2.0|0.0|0.0|55.0|0.0|10.0|21.0|3.0|1.0|1.0|60.0|0.0|
692.0|41690.0|AK_45|AC_170|1445.0|4.0|534.0|5.0|5.0|25.0|3.0|0.0|0.0|30.0|0.0|8.0|17.0|3.0|2.0|0.0|60.0|0.0|
561.0|41690.0|AK_45|AC_170|1500.0|4.0|388.0|3.0|8.0|21.0|3.0|0.0|0.0|75.0|2.0|6.0|16.0|0.0|0.0|0.0|39.0|0.0|
578.0|41690.0|AK_45|AC_170|1515.0|4.0|372.0|4.0|11.0|23.0|1.0|0.0|0.0|72.0|0.0|12.0|19.0|3.0|1.0|0.0|60.0|0.0|
601.0|41690.0|AK_45|AC_170|1530.0|4.0|421.0|2.0|4.0|27.0|3.0|0.0|0.0|64.0|0.0|8.0|7.0|4.0|0.0|0.0|61.0|0.0|
588.0|41690.0|AK_45|AC_170|1545.0|4.0|353.0|6.0|11.0|17.0|2.0|0.0|0.0|105.0|1.0|8.0|9.0|5.0|0.0|0.0|71.0|0.0|
667.0|41690.0|AK_45|AC_170|1600.0|4.0|450.0|4.0|6.0|33.0|5.0|0.0|0.0|29.0|3.0|10.0|20.0|0.0|0.0|0.0|105.0|2.0|
663.0|41690.0|AK_45|AC_170|1615.0|4.0|461.0|5.0|6.0|28.0|2.0|0.0|0.0|63.0|0.0|3.0|17.0|0.0|0.0|0.0|78.0|0.0|
573.0|41690.0|AK_45|AC_170|1630.0|4.0|384.0|3.0|7.0|21.0|6.0|0.0|0.0|50.0|1.0|4.0|15.0|3.0|1.0|0.0|78.0|0.0|
618.0|41690.0|AK_45|AC_170|1645.0|4.0|396.0|5.0|11.0|30.0|6.0|0.0|0.0|42.0|0.0|5.0|12.0|2.0|0.0|0.0|109.0|0.0|
681.0|41690.0|AK_45|AC_170|1700.0|4.0|447.0|3.0|2.0|28.0|4.0|0.0|0.0|40.0|1.0|3.0|13.0|3.0|0.0|0.0|137.0|0.0|
707.0|41690.0|AK_45|AC_170|1715.0|4.0|489.0|6.0|9.0|18.0|3.0|0.0|0.0|43.0|3.0|2.0|11.0|0.0|0.0|0.0|121.0|2.0|
689.0|41690.0|AK_45|AC_170|1730.0|4.0|476.0|3.0|8.0|23.0|7.0|0.0|0.0|37.0|1.0|3.0|9.0|0.0|0.0|0.0|122.0|0.0|
792.0|41690.0|AK_45|AC_170|1745.0|4.0|594.0|2.0|6.0|19.0|4.0|0.0|0.0|21.0|1.0|5.0|10.0|0.0|0.0|0.0|130.0|0.0|
728.0|41690.0|AK_45|AC_170|1800.0|4.0|547.0|5.0|6.0|25.0|6.0|0.0|0.0|19.0|1.0|2.0|15.0|0.0|0.0|0.0|102.0|0.0|
713.0|41690.0|AK_45|AC_170|1815.0|4.0|554.0|4.0|6.0|15.0|4.0|0.0|0.0|30.0|0.0|1.0|8.0|1.0|0.0|0.0|90.0|0.0|
628.0|41690.0|AK_45|AC_170|1830.0|4.0|472.0|3.0|9.0|23.0|3.0|0.0|0.0|27.0|1.0|1.0|3.0|2.0|0.0|0.0|84.0|0.0|
587.0|41690.0|AK_45|AC_170|1845.0|4.0|464.0|3.0|4.0|20.0|5.0|0.0|0.0|18.0|1.0|5.0|3.0|0.0|0.0|0.0|64.0|0.0|
573.0|41690.0|AK_45|AC_170|1900.0|4.0|448.0|4.0|10.0|16.0|4.0|0.0|0.0|7.0|0.0|4.0|15.0|0.0|0.0|0.0|65.0|0.0|
605.0|41690.0|AK_45|AC_170|1915.0|4.0|491.0|5.0|7.0|22.0|4.0|0.0|0.0|13.0|1.0|3.0|3.0|0.0|0.0|0.0|56.0|0.0|
698.0|41690.0|AK_45|AC_170|1930.0|4.0|589.0|3.0|6.0|16.0|3.0|0.0|0.0|10.0|0.0|1.0|5.0|0.0|1.0|0.0|64.0|0.0|
647.0|41690.0|AK_45|AC_170|1945.0|4.0|561.0|4.0|7.0|17.0|6.0|0.0|0.0|3.0|0.0|0.0|2.0|0.0|0.0|0.0|47.0|0.0|
602.0|41690.0|AK_45|AC_170|2000.0|4.0|508.0|2.0|8.0|17.0|5.0|0.0|0.0|6.0|0.0|1.0|3.0|0.0|0.0|0.0|52.0|0.0|
574.0|41690.0|AK_45|AC_170|2015.0|4.0|501.0|6.0|7.0|12.0|5.0|0.0|0.0|4.0|1.0|1.0|0.0|0.0|0.0|0.0|37.0|0.0|
513.0|41690.0|AK_45|AC_170|2030.0|4.0|427.0|3.0|3.0|18.0|2.0|0.0|0.0|5.0|0.0|1.0|1.0|0.0|0.0|0.0|53.0|0.0|
479.0|41690.0|AK_45|AC_170|2045.0|4.0|408.0|3.0|11.0|11.0|5.0|0.0|0.0|4.0|0.0|1.0|3.0|0.0|0.0|0.0|33.0|0.0|
514.0|41690.0|AK_45|AC_170|2100.0|4.0|423.0|3.0|8.0|13.0|4.0|0.0|0.0|7.0|1.0|4.0|0.0|0.0|0.0|0.0|51.0|0.0|
483.0|41690.0|AK_45|AC_170|2115.0|4.0|405.0|3.0|4.0|21.0|3.0|0.0|0.0|3.0|0.0|4.0|3.0|0.0|0.0|0.0|37.0|0.0|
431.0|41690.0|AK_45|AC_170|2130.0|4.0|370.0|5.0|5.0|6.0|1.0|0.0|0.0|4.0|0.0|2.0|0.0|0.0|0.0|0.0|38.0|0.0|
319.0|41690.0|AK_45|AC_170|2145.0|4.0|273.0|2.0|5.0|12.0|5.0|0.0|0.0|2.0|0.0|0.0|0.0|0.0|0.0|0.0|20.0|0.0|
JUEVES|2014-02-20|3493|AK_45_AC_170|NaN|NaN|NaN|NaN|NaN|NaN|NaN|NaN|NaN|NaN|NaN|NaN|NaN|NaN|NaN|NaN|NaN|NaN|NaN
